ion,charge,coordination,crystal_radius,ionic_radius,reference
Ac,3,6,1.2600000000000002,1.12,Shannon
Ac,3,8,1.392,1.252,ML Work
Ag,2,2,0.6920000000000001,0.552,ML Work
Ag,1,1,0.703,0.563,ML Work
Ag,1,2,0.81,0.67,Shannon
Ag,3,4,0.81,0.67,Shannon
Ag,3,6,0.89,0.75,Shannon
Ag,2,4,0.93,0.79,Shannon
Ag,1,3,0.984,0.844,ML Work
Ag,3,8,1.022,0.882,ML Work
Ag,2,6,1.08,0.94,Shannon
Ag,1,4,1.1400000000000001,1.0,Shannon
Ag,2,8,1.2160000000000002,1.076,ML Work
Ag,1,5,1.23,1.09,Shannon
Ag,1,6,1.29,1.15,Shannon
Ag,1,7,1.3599999999999999,1.22,Shannon
Ag,1,8,1.42,1.28,Shannon
Ag,1,9,1.4900000000000002,1.35,ML Work
Ag,1,10,1.5550000000000002,1.415,ML Work
Ag,1,11,1.6190000000000002,1.479,ML Work
Ag,1,12,1.682,1.542,ML Work
Al,3,3,0.453,0.313,ML Work
Al,3,4,0.53,0.39,Shannon
Al,3,5,0.62,0.48,Shannon
Al,3,6,0.675,0.535,Shannon
Al,3,7,0.751,0.611,ML Work
Am,4,6,0.99,0.85,Shannon
Am,4,8,1.0899999999999999,0.95,Shannon
Am,3,6,1.115,0.975,Shannon
Am,3,8,1.23,1.09,Shannon
Am,2,7,1.35,1.21,Shannon
Am,2,8,1.4,1.26,Shannon
Am,2,9,1.4500000000000002,1.31,Shannon
As,5,3,0.395,0.255,ML Work
As,5,4,0.47500000000000003,0.335,Shannon
As,5,5,0.535,0.395,ML Work
As,3,3,0.5529999999999999,0.413,ML Work
As,5,6,0.6000000000000001,0.46,Shannon
As,3,4,0.611,0.471,ML Work
As,3,5,0.664,0.524,ML Work
As,5,8,0.717,0.577,ML Work
As,3,6,0.72,0.58,Shannon
At,7,6,0.76,0.62,Shannon
Au,5,6,0.71,0.57,Shannon
Au,3,4,0.8200000000000001,0.68,Shannon
Au,2,3,0.847,0.707,ML Work
Au,3,5,0.902,0.762,ML Work
Au,3,6,0.99,0.85,Shannon
Au,1,2,1.0,0.86,ML Work
Au,3,8,1.1059999999999999,0.966,ML Work
Au,3,10,1.23,1.09,ML Work
Au,3,12,1.3559999999999999,1.216,ML Work
Au,1,6,1.5100000000000002,1.37,Shannon
B,3,3,0.15000000000000002,0.01,Shannon
B,3,4,0.25,0.11,Shannon
B,3,5,0.328,0.188,ML Work
B,3,6,0.41000000000000003,0.27,Shannon
Ba,2,1,1.119,0.979,ML Work
Ba,2,2,1.193,1.053,ML Work
Ba,2,3,1.2679999999999998,1.128,ML Work
Ba,2,4,1.343,1.203,ML Work
Ba,2,5,1.4140000000000001,1.274,ML Work
Ba,2,6,1.4900000000000002,1.35,Shannon
Ba,2,7,1.52,1.38,Shannon
Ba,2,8,1.56,1.42,Shannon
Ba,2,9,1.6099999999999999,1.47,Shannon
Ba,2,10,1.6600000000000001,1.52,Shannon
Ba,2,11,1.71,1.57,Shannon
Ba,2,12,1.75,1.61,Shannon
Be,2,3,0.30000000000000004,0.16,Shannon
Be,2,4,0.41000000000000003,0.27,Shannon
Be,2,5,0.499,0.359,ML Work
Be,2,6,0.5900000000000001,0.45,Shannon
Bi,5,2,0.5589999999999999,0.419,ML Work
Bi,5,4,0.732,0.592,ML Work
Bi,3,1,0.754,0.614,ML Work
Bi,5,5,0.8160000000000001,0.676,ML Work
Bi,3,2,0.845,0.705,ML Work
Bi,5,6,0.9,0.76,Shannon
Bi,3,3,0.935,0.795,ML Work
Bi,5,8,1.018,0.878,ML Work
Bi,3,4,1.02,0.88,ML Work
Bi,3,5,1.1,0.96,Shannon
Bi,3,6,1.17,1.03,Shannon
Bi,3,7,1.237,1.097,ML Work
Bi,3,8,1.31,1.17,Shannon
Bi,3,9,1.3599999999999999,1.22,ML Work
Bi,3,10,1.415,1.275,ML Work
Bi,3,11,1.4700000000000002,1.33,ML Work
Bi,3,12,1.525,1.385,ML Work
Bk,4,6,0.97,0.83,Shannon
Bk,4,8,1.07,0.93,Shannon
Bk,3,6,1.1,0.96,Shannon
Br,7,4,0.39,0.25,Shannon
Br,5,3,0.45,0.31,Shannon
Br,7,6,0.53,0.39,Shannon
Br,3,4,0.73,0.59,Shannon
Br,5,6,0.775,0.635,ML Work
Br,1,2,1.161,1.021,ML Work
Br,-1,6,1.8199999999999998,1.96,Shannon
C,3,2,0.167,0.027,ML Work
C,4,3,0.21000000000000002,0.07,ML Work
C,3,3,0.22400000000000003,0.084,ML Work
C,2,1,0.245,0.105,ML Work
C,4,4,0.29000000000000004,0.15,Shannon
C,2,2,0.29600000000000004,0.156,ML Work
C,4,6,0.30000000000000004,0.16,Shannon
Ca,2,1,0.741,0.601,ML Work
Ca,2,2,0.8250000000000001,0.685,ML Work
Ca,2,3,0.909,0.769,ML Work
Ca,2,4,0.99,0.85,ML Work
Ca,2,5,1.0670000000000002,0.927,ML Work
Ca,2,6,1.1400000000000001,1.0,Shannon
Ca,2,7,1.2000000000000002,1.06,Shannon
Ca,2,8,1.2600000000000002,1.12,Shannon
Ca,2,9,1.3199999999999998,1.18,Shannon
Ca,2,10,1.37,1.23,Shannon
Ca,2,11,1.4260000000000002,1.286,ML Work
Ca,2,12,1.48,1.34,Shannon
Cd,2,2,0.726,0.586,ML Work
Cd,2,3,0.83,0.69,ML Work
Cd,2,4,0.92,0.78,Shannon
Cd,2,5,1.01,0.87,Shannon
Cd,2,6,1.0899999999999999,0.95,Shannon
Cd,2,7,1.17,1.03,Shannon
Cd,2,8,1.2400000000000002,1.1,Shannon
Cd,2,9,1.291,1.151,ML Work
Cd,2,10,1.3439999999999999,1.204,ML Work
Cd,2,12,1.4500000000000002,1.31,Shannon
Ce,3,2,0.912,0.772,ML Work
Ce,4,6,1.01,0.87,Shannon
Ce,3,4,1.0350000000000001,0.895,ML Work
Ce,4,7,1.053,0.913,ML Work
Ce,3,5,1.093,0.953,ML Work
Ce,4,8,1.1099999999999999,0.97,Shannon
Ce,3,6,1.15,1.01,Shannon
Ce,4,9,1.1629999999999998,1.023,ML Work
Ce,3,7,1.21,1.07,Shannon
Ce,4,10,1.21,1.07,Shannon
Ce,4,12,1.2799999999999998,1.14,Shannon
Ce,3,8,1.283,1.143,Shannon
Ce,3,9,1.3359999999999999,1.196,Shannon
Ce,2,6,1.375,1.235,ML Work
Ce,3,10,1.3900000000000001,1.25,Shannon
Ce,3,11,1.4129999999999998,1.273,ML Work
Ce,3,12,1.48,1.34,Shannon
Cf,4,6,0.961,0.821,Shannon
Cf,4,8,1.06,0.92,Shannon
Cf,3,6,1.0899999999999999,0.95,Shannon
Cl,5,2,0.192,0.052,ML Work
Cl,7,4,0.22000000000000003,0.08,Shannon
Cl,5,3,0.26,0.12,Shannon
Cl,4,2,0.339,0.199,ML Work
Cl,7,6,0.41000000000000003,0.27,Shannon
Cl,1,1,1.083,0.943,ML Work
Cl,1,2,1.137,0.997,ML Work
Cl,-1,6,1.67,1.81,Shannon
Cm,4,6,0.99,0.85,Shannon
Cm,4,8,1.0899999999999999,0.95,Shannon
Cm,3,6,1.1099999999999999,0.97,Shannon
Co,3,1,0.398,0.258,ML Work
Co,4,4,0.54,0.4,Shannon
Co,3,3,0.55,0.41,ML Work
Co,2,2,0.552,0.412,ML Work
Co,4,5,0.607,0.467,ML Work
Co,3,4,0.612,0.472,ML Work
Co,1,2,0.627,0.487,ML Work
Co,2,3,0.636,0.496,ML Work
Co,3,5,0.666,0.526,ML Work
Co,4,6,0.67,0.53,Shannon
Co,3,6,0.685,0.545,Shannon
Co,2,4,0.72,0.58,Shannon
Co,2,6,0.79,0.65,Shannon
Co,3,7,0.795,0.655,ML Work
Co,2,5,0.81,0.67,Shannon
Co,2,7,0.922,0.782,ML Work
Co,2,8,1.04,0.9,Shannon
Co,2,9,1.135,0.995,ML Work
Cr,5,3,0.394,0.254,ML Work
Cr,6,4,0.4,0.26,Shannon
Cr,5,4,0.485,0.345,Shannon
Cr,6,5,0.495,0.355,ML Work
Cr,3,2,0.515,0.375,ML Work
Cr,4,4,0.55,0.41,Shannon
Cr,5,5,0.5609999999999999,0.421,ML Work
Cr,6,6,0.5800000000000001,0.44,Shannon
Cr,4,5,0.625,0.485,ML Work
Cr,5,6,0.63,0.49,Shannon
Cr,3,4,0.641,0.501,ML Work
Cr,4,6,0.6900000000000001,0.55,Shannon
Cr,5,8,0.71,0.57,Shannon
Cr,2,3,0.732,0.592,ML Work
Cr,3,6,0.755,0.615,Shannon
Cr,2,4,0.791,0.651,ML Work
Cr,3,7,0.829,0.689,ML Work
Cr,2,5,0.845,0.705,ML Work
Cr,2,6,0.87,0.73,Shannon
Cr,2,7,0.994,0.854,ML Work
Cr,3,9,1.004,0.864,ML Work
Cr,3,10,1.089,0.949,ML Work
Cr,2,8,1.0899999999999999,0.95,ML Work
Cs,1,1,1.6,1.46,ML Work
Cs,1,2,1.6469999999999998,1.507,ML Work
Cs,1,3,1.6909999999999998,1.551,ML Work
Cs,1,4,1.733,1.593,ML Work
Cs,1,5,1.7719999999999998,1.632,ML Work
Cs,1,6,1.81,1.67,Shannon
Cs,1,7,1.8450000000000002,1.705,ML Work
Cs,1,8,1.88,1.74,Shannon
Cs,1,9,1.92,1.78,Shannon
Cs,1,10,1.9500000000000002,1.81,Shannon
Cs,1,11,1.9900000000000002,1.85,Shannon
Cs,1,12,2.02,1.88,Shannon
Cs,1,13,2.069,1.929,ML Work
Cu,2,2,0.526,0.386,ML Work
Cu,3,4,0.5920000000000001,0.452,ML Work
Cu,1,2,0.6000000000000001,0.46,Shannon
Cu,2,3,0.615,0.475,ML Work
Cu,3,5,0.645,0.505,ML Work
Cu,1,3,0.675,0.535,ML Work
Cu,3,6,0.68,0.54,Shannon
Cu,2,4,0.71,0.57,Shannon
Cu,1,4,0.74,0.6,Shannon
Cu,2,5,0.79,0.65,Shannon
Cu,3,8,0.846,0.706,ML Work
Cu,1,5,0.865,0.725,ML Work
Cu,2,6,0.87,0.73,Shannon
Cu,1,6,0.91,0.77,Shannon
Cu,2,7,0.9410000000000001,0.801,ML Work
Cu,2,8,1.021,0.881,ML Work
Cu,1,7,1.068,0.928,ML Work
Cu,2,9,1.1019999999999999,0.962,ML Work
Cu,3,12,1.1480000000000001,1.008,ML Work
Cu,1,8,1.1629999999999998,1.023,ML Work
Cu,2,10,1.178,1.038,ML Work
Cu,1,9,1.2530000000000001,1.113,ML Work
Cu,2,12,1.319,1.179,ML Work
Cu,1,10,1.338,1.198,ML Work
Dy,3,2,0.803,0.663,ML Work
Dy,3,3,0.866,0.726,ML Work
Dy,3,4,0.928,0.788,ML Work
Dy,3,5,0.989,0.849,ML Work
Dy,3,6,1.052,0.912,Shannon
Dy,3,7,1.1099999999999999,0.97,Shannon
Dy,3,8,1.1669999999999998,1.027,Shannon
Dy,2,6,1.21,1.07,Shannon
Dy,3,9,1.2229999999999999,1.083,Shannon
Dy,3,10,1.2690000000000001,1.129,ML Work
Dy,2,7,1.27,1.13,Shannon
Dy,3,12,1.327,1.187,ML Work
Dy,2,8,1.33,1.19,Shannon
Er,3,2,0.776,0.636,ML Work
Er,3,3,0.84,0.7,ML Work
Er,3,5,0.965,0.825,ML Work
Er,3,6,1.03,0.89,Shannon
Er,3,7,1.085,0.945,Shannon
Er,3,8,1.1440000000000001,1.004,Shannon
Er,3,9,1.202,1.062,Shannon
Er,3,10,1.2429999999999999,1.103,ML Work
Eu,3,1,0.785,0.645,ML Work
Eu,3,2,0.849,0.709,ML Work
Eu,3,4,0.972,0.832,ML Work
Eu,2,1,0.982,0.842,ML Work
Eu,3,5,1.03,0.89,ML Work
Eu,2,2,1.049,0.909,ML Work
Eu,3,6,1.087,0.947,Shannon
Eu,3,7,1.15,1.01,Shannon
Eu,3,8,1.206,1.066,Shannon
Eu,2,5,1.2389999999999999,1.099,ML Work
Eu,3,9,1.2600000000000002,1.12,Shannon
Eu,2,6,1.31,1.17,Shannon
Eu,3,10,1.3119999999999998,1.172,ML Work
Eu,2,7,1.3399999999999999,1.2,Shannon
Eu,3,11,1.3439999999999999,1.204,ML Work
Eu,3,12,1.371,1.231,ML Work
Eu,2,8,1.3900000000000001,1.25,Shannon
Eu,2,9,1.44,1.3,Shannon
Eu,2,10,1.4900000000000002,1.35,Shannon
Eu,2,11,1.545,1.405,ML Work
Eu,2,12,1.592,1.452,ML Work
F,7,6,0.22000000000000003,0.08,Shannon
F,-1,2,1.145,1.285,Shannon
F,-1,3,1.1600000000000001,1.3,Shannon
F,-1,4,1.17,1.31,Shannon
F,-1,6,1.19,1.33,Shannon
Fe,6,4,0.39,0.25,Shannon
Fe,5,4,0.465,0.325,ML Work
Fe,4,4,0.5640000000000001,0.424,ML Work
Fe,3,3,0.5820000000000001,0.442,ML Work
Fe,2,2,0.618,0.478,ML Work
Fe,3,4,0.63,0.49,Shannon
Fe,4,5,0.636,0.496,ML Work
Fe,3,6,0.6900000000000001,0.55,Shannon
Fe,2,3,0.6970000000000001,0.557,ML Work
Fe,1,2,0.7020000000000001,0.562,ML Work
Fe,3,5,0.72,0.58,Shannon
Fe,4,6,0.725,0.585,Shannon
Fe,2,6,0.75,0.61,Shannon
Fe,2,4,0.77,0.63,Shannon
Fe,2,5,0.784,0.644,ML Work
Fe,3,7,0.806,0.666,ML Work
Fe,3,8,0.92,0.78,Shannon
Fe,2,7,0.924,0.784,ML Work
Fe,2,8,1.06,0.92,Shannon
Fe,2,9,1.166,1.026,ML Work
Fe,2,10,1.2600000000000002,1.12,ML Work
Fe,2,12,1.4020000000000001,1.262,ML Work
Fr,1,6,1.94,1.8,Shannon
Ga,3,4,0.61,0.47,Shannon
Ga,3,5,0.6900000000000001,0.55,Shannon
Ga,3,6,0.76,0.62,Shannon
Ga,3,7,0.8240000000000001,0.684,ML Work
Ga,3,8,0.89,0.75,ML Work
Gd,3,1,0.751,0.611,ML Work
Gd,3,2,0.8150000000000001,0.675,ML Work
Gd,3,4,0.9430000000000001,0.803,ML Work
Gd,3,5,1.006,0.866,ML Work
Gd,3,6,1.0779999999999998,0.938,Shannon
Gd,3,7,1.1400000000000001,1.0,Shannon
Gd,3,8,1.193,1.053,Shannon
Gd,3,9,1.2469999999999999,1.107,Shannon
Gd,3,10,1.2879999999999998,1.148,ML Work
Gd,2,8,1.339,1.199,ML Work
Gd,3,12,1.346,1.206,ML Work
Ge,4,3,0.46,0.32,ML Work
Ge,4,4,0.53,0.39,Shannon
Ge,4,5,0.599,0.459,ML Work
Ge,3,4,0.607,0.467,ML Work
Ge,4,6,0.67,0.53,Shannon
Ge,2,3,0.677,0.537,ML Work
Ge,4,7,0.72,0.58,ML Work
Ge,4,8,0.776,0.636,ML Work
Ge,2,6,0.87,0.73,Shannon
H,1,1,-0.24,-0.38,Shannon
H,1,2,-0.03999999999999998,-0.18,Shannon
Hf,4,4,0.72,0.58,Shannon
Hf,4,6,0.85,0.71,Shannon
Hf,4,7,0.9,0.76,Shannon
Hf,4,8,0.97,0.83,Shannon
Hg,2,2,0.83,0.69,Shannon
Hg,1,1,0.878,0.738,ML Work
Hg,2,3,0.963,0.823,ML Work
Hg,1,2,0.994,0.854,ML Work
Hg,2,4,1.1,0.96,Shannon
Hg,1,3,1.1099999999999999,0.97,Shannon
Hg,2,5,1.146,1.006,ML Work
Hg,2,6,1.1600000000000001,1.02,Shannon
Hg,1,4,1.209,1.069,ML Work
Hg,2,7,1.2389999999999999,1.099,ML Work
Hg,2,8,1.2799999999999998,1.14,Shannon
Hg,1,5,1.2879999999999998,1.148,ML Work
Hg,1,6,1.33,1.19,Shannon
Hg,2,9,1.3319999999999999,1.192,ML Work
Hg,2,10,1.383,1.243,ML Work
Hg,1,7,1.4169999999999998,1.277,ML Work
Hg,1,8,1.48,1.34,ML Work
Hg,2,12,1.491,1.351,ML Work
Hg,1,9,1.5390000000000001,1.399,ML Work
Hg,1,10,1.5939999999999999,1.454,ML Work
Ho,3,2,0.79,0.65,ML Work
Ho,3,3,0.853,0.713,ML Work
Ho,3,4,0.915,0.775,ML Work
Ho,3,5,0.977,0.837,ML Work
Ho,3,6,1.041,0.901,Shannon
Ho,3,7,1.099,0.959,ML Work
Ho,3,8,1.1549999999999998,1.015,Shannon
Ho,3,9,1.2120000000000002,1.072,Shannon
Ho,3,10,1.2600000000000002,1.12,Shannon
Ho,3,11,1.287,1.147,ML Work
Ho,3,12,1.314,1.174,ML Work
I,7,4,0.56,0.42,Shannon
I,5,3,0.5800000000000001,0.44,Shannon
I,7,5,0.633,0.493,ML Work
I,7,6,0.67,0.53,Shannon
I,5,4,0.755,0.615,ML Work
I,7,8,0.851,0.711,ML Work
I,5,5,0.922,0.782,ML Work
I,5,6,1.0899999999999999,0.95,Shannon
I,5,7,1.177,1.037,ML Work
I,5,8,1.2530000000000001,1.113,ML Work
I,5,9,1.3090000000000002,1.169,ML Work
I,-1,6,2.06,2.2,Shannon
In,3,3,0.6960000000000001,0.556,ML Work
In,3,4,0.76,0.62,Shannon
In,3,5,0.853,0.713,ML Work
In,3,6,0.9400000000000001,0.8,Shannon
In,3,7,1.0,0.86,ML Work
In,3,8,1.06,0.92,Shannon
In,2,6,1.1640000000000001,1.024,ML Work
In,2,7,1.237,1.097,ML Work
In,2,8,1.302,1.162,ML Work
In,1,9,1.625,1.485,ML Work
In,1,10,1.6749999999999998,1.535,ML Work
Ir,4,4,0.621,0.481,ML Work
Ir,6,6,0.672,0.532,ML Work
Ir,5,6,0.71,0.57,Shannon
Ir,4,6,0.765,0.625,Shannon
Ir,3,6,0.8200000000000001,0.68,Shannon
K,1,1,1.3410000000000002,1.201,ML Work
K,1,2,1.404,1.264,ML Work
K,1,3,1.459,1.319,ML Work
K,1,4,1.5100000000000002,1.37,Shannon
K,1,6,1.52,1.38,Shannon
K,1,5,1.541,1.401,ML Work
K,1,7,1.6,1.46,Shannon
K,1,8,1.65,1.51,Shannon
K,1,9,1.69,1.55,Shannon
K,1,10,1.73,1.59,Shannon
K,1,11,1.75,1.61,ML Work
K,1,12,1.7799999999999998,1.64,Shannon
K,1,13,1.8130000000000002,1.673,ML Work
La,3,1,0.863,0.723,ML Work
La,3,2,0.928,0.788,ML Work
La,3,3,0.992,0.852,ML Work
La,3,4,1.053,0.913,ML Work
La,3,5,1.113,0.973,ML Work
La,3,6,1.1720000000000002,1.032,Shannon
La,3,7,1.2400000000000002,1.1,Shannon
La,3,8,1.2999999999999998,1.16,Shannon
La,3,9,1.3559999999999999,1.216,Shannon
La,2,6,1.3890000000000002,1.249,ML Work
La,3,10,1.4100000000000001,1.27,Shannon
La,3,11,1.439,1.299,ML Work
La,2,8,1.4849999999999999,1.345,ML Work
La,3,12,1.5,1.36,Shannon
La,2,9,1.537,1.397,ML Work
La,2,10,1.5910000000000002,1.451,ML Work
La,2,12,1.689,1.549,ML Work
Li,1,1,0.589,0.449,ML Work
Li,1,2,0.635,0.495,ML Work
Li,1,3,0.683,0.543,ML Work
Li,1,4,0.73,0.59,Shannon
Li,1,5,0.8130000000000001,0.673,ML Work
Li,1,6,0.9,0.76,Shannon
Li,1,7,0.978,0.838,ML Work
Li,1,8,1.06,0.92,Shannon
Li,1,9,1.129,0.989,ML Work
Li,1,10,1.194,1.054,ML Work
Li,1,12,1.307,1.167,ML Work
Lu,3,2,0.76,0.62,ML Work
Lu,3,3,0.8230000000000001,0.683,ML Work
Lu,3,5,0.9420000000000001,0.802,ML Work
Lu,3,6,1.001,0.861,Shannon
Lu,3,7,1.0590000000000002,0.919,ML Work
Lu,3,8,1.117,0.977,Shannon
Lu,3,9,1.1720000000000002,1.032,Shannon
Lu,3,10,1.222,1.082,ML Work
Mg,2,3,0.618,0.478,ML Work
Mg,2,4,0.71,0.57,Shannon
Mg,2,5,0.8,0.66,Shannon
Mg,2,6,0.86,0.72,Shannon
Mg,2,7,0.9480000000000001,0.808,ML Work
Mg,2,8,1.03,0.89,Shannon
Mg,2,9,1.097,0.957,ML Work
Mn,7,4,0.39,0.25,Shannon
Mn,6,4,0.395,0.255,Shannon
Mn,5,4,0.47000000000000003,0.33,Shannon
Mn,4,4,0.53,0.39,Shannon
Mn,7,6,0.6000000000000001,0.46,Shannon
Mn,4,5,0.625,0.485,ML Work
Mn,3,4,0.66,0.52,ML Work
Mn,2,2,0.662,0.522,ML Work
Mn,4,6,0.67,0.53,Shannon
Mn,3,5,0.72,0.58,Shannon
Mn,3,6,0.72,0.58,Shannon
Mn,2,3,0.739,0.599,ML Work
Mn,2,4,0.8,0.66,Shannon
Mn,2,6,0.81,0.67,Shannon
Mn,3,7,0.83,0.69,ML Work
Mn,2,5,0.89,0.75,Shannon
Mn,3,8,0.924,0.784,ML Work
Mn,2,7,1.04,0.9,Shannon
Mn,2,8,1.1,0.96,Shannon
Mn,2,9,1.197,1.057,ML Work
Mn,3,12,1.241,1.101,ML Work
Mn,2,10,1.283,1.143,ML Work
Mn,2,12,1.42,1.28,ML Work
Mo,5,1,0.356,0.216,ML Work
Mo,6,2,0.368,0.228,ML Work
Mo,6,3,0.455,0.315,ML Work
Mo,5,3,0.518,0.378,ML Work
Mo,6,4,0.55,0.41,Shannon
Mo,5,4,0.6000000000000001,0.46,Shannon
Mo,6,5,0.64,0.5,Shannon
Mo,5,5,0.681,0.541,ML Work
Mo,6,6,0.73,0.59,Shannon
Mo,5,6,0.75,0.61,Shannon
Mo,4,6,0.79,0.65,Shannon
Mo,3,6,0.83,0.69,Shannon
Mo,6,7,0.87,0.73,Shannon
Mo,6,8,0.919,0.779,ML Work
N,5,6,0.27,0.13,Shannon
N,3,6,0.30000000000000004,0.16,Shannon
N,-3,4,1.3199999999999998,1.46,Shannon
Na,1,1,0.958,0.818,ML Work
Na,1,2,1.017,0.877,ML Work
Na,1,3,1.069,0.929,ML Work
Na,1,4,1.13,0.99,Shannon
Na,1,5,1.1400000000000001,1.0,Shannon
Na,1,6,1.1600000000000001,1.02,Shannon
Na,1,7,1.2600000000000002,1.12,Shannon
Na,1,8,1.3199999999999998,1.18,Shannon
Na,1,9,1.38,1.24,Shannon
Na,1,10,1.4340000000000002,1.294,ML Work
Na,1,11,1.484,1.344,ML Work
Na,1,12,1.5299999999999998,1.39,Shannon
Nb,5,4,0.62,0.48,Shannon
Nb,4,4,0.6890000000000001,0.549,ML Work
Nb,5,5,0.703,0.563,ML Work
Nb,3,4,0.749,0.609,ML Work
Nb,4,5,0.756,0.616,ML Work
Nb,5,6,0.78,0.64,Shannon
Nb,3,5,0.805,0.665,ML Work
Nb,4,6,0.8200000000000001,0.68,Shannon
Nb,5,7,0.83,0.69,Shannon
Nb,3,6,0.86,0.72,Shannon
Nb,5,8,0.88,0.74,Shannon
Nb,2,4,0.895,0.755,ML Work
Nb,4,8,0.93,0.79,Shannon
Nb,2,5,0.956,0.816,ML Work
Nb,2,6,1.024,0.884,ML Work
Nd,3,1,0.828,0.688,ML Work
Nd,3,2,0.892,0.752,ML Work
Nd,3,3,0.954,0.814,ML Work
Nd,3,4,1.014,0.874,ML Work
Nd,3,5,1.072,0.932,ML Work
Nd,3,6,1.123,0.983,Shannon
Nd,3,7,1.189,1.049,ML Work
Nd,3,8,1.249,1.109,Shannon
Nd,3,9,1.303,1.163,Shannon
Nd,3,10,1.3559999999999999,1.216,ML Work
Nd,3,11,1.3890000000000002,1.249,ML Work
Nd,3,12,1.4100000000000001,1.27,Shannon
Nd,2,8,1.4300000000000002,1.29,Shannon
Nd,2,9,1.4900000000000002,1.35,Shannon
Nd,2,12,1.645,1.505,ML Work
Ni,2,2,0.509,0.369,ML Work
Ni,1,2,0.585,0.445,ML Work
Ni,2,3,0.5900000000000001,0.45,ML Work
Ni,3,4,0.5900000000000001,0.45,ML Work
Ni,4,6,0.62,0.48,Shannon
Ni,2,4,0.63,0.49,Shannon
Ni,3,6,0.7000000000000001,0.56,Shannon
Ni,2,5,0.77,0.63,Shannon
Ni,2,6,0.83,0.69,Shannon
Ni,2,7,0.926,0.786,ML Work
Ni,2,8,1.018,0.878,ML Work
Ni,2,9,1.1099999999999999,0.97,ML Work
No,2,6,1.2400000000000002,1.1,Shannon
Np,6,2,0.569,0.429,ML Work
Np,5,2,0.653,0.513,ML Work
Np,6,5,0.758,0.618,ML Work
Np,5,5,0.8220000000000001,0.682,ML Work
Np,7,6,0.85,0.71,Shannon
Np,6,6,0.86,0.72,Shannon
Np,5,6,0.89,0.75,Shannon
Np,6,7,0.932,0.792,ML Work
Np,5,7,0.962,0.822,ML Work
Np,6,8,0.995,0.855,ML Work
Np,4,6,1.01,0.87,Shannon
Np,5,8,1.025,0.885,ML Work
Np,4,8,1.12,0.98,Shannon
Np,3,6,1.15,1.01,Shannon
Np,2,6,1.2400000000000002,1.1,Shannon
O,-2,2,1.21,1.35,Shannon
O,-2,3,1.2200000000000002,1.36,Shannon
O,-2,4,1.2399999999999998,1.38,Shannon
O,-2,6,1.2599999999999998,1.4,Shannon
O,-2,8,1.2799999999999998,1.42,Shannon
Os,8,4,0.53,0.39,Shannon
Os,7,5,0.603,0.463,ML Work
Os,6,5,0.63,0.49,Shannon
Os,7,6,0.665,0.525,Shannon
Os,6,6,0.685,0.545,Shannon
Os,5,6,0.715,0.575,Shannon
Os,4,6,0.77,0.63,Shannon
P,4,3,0.30100000000000005,0.161,ML Work
P,5,4,0.31000000000000005,0.17,Shannon
P,4,4,0.371,0.231,ML Work
P,3,3,0.40700000000000003,0.267,ML Work
P,5,5,0.43,0.29,Shannon
P,5,6,0.52,0.38,Shannon
P,3,6,0.5800000000000001,0.44,Shannon
Pa,5,6,0.92,0.78,Shannon
Pa,4,6,1.04,0.9,Shannon
Pa,5,8,1.05,0.91,Shannon
Pa,5,9,1.0899999999999999,0.95,Shannon
Pa,4,8,1.15,1.01,Shannon
Pa,3,6,1.1800000000000002,1.04,Shannon
Pb,4,4,0.79,0.65,Shannon
Pb,2,1,0.841,0.701,ML Work
Pb,4,5,0.87,0.73,Shannon
Pb,4,6,0.915,0.775,Shannon
Pb,2,2,0.936,0.796,ML Work
Pb,2,3,1.032,0.892,ML Work
Pb,4,8,1.08,0.94,Shannon
Pb,2,4,1.12,0.98,Shannon
Pb,2,5,1.229,1.089,ML Work
Pb,2,6,1.33,1.19,Shannon
Pb,2,7,1.37,1.23,Shannon
Pb,2,8,1.4300000000000002,1.29,Shannon
Pb,2,9,1.4900000000000002,1.35,Shannon
Pb,2,10,1.54,1.4,Shannon
Pb,2,11,1.5899999999999999,1.45,Shannon
Pb,2,12,1.63,1.49,Shannon
Pd,2,2,0.601,0.461,ML Work
Pd,1,2,0.73,0.59,Shannon
Pd,4,6,0.755,0.615,Shannon
Pd,2,4,0.78,0.64,Shannon
Pd,3,6,0.9,0.76,Shannon
Pd,2,6,1.0,0.86,Shannon
Pd,2,7,1.08,0.94,ML Work
Pd,2,8,1.1640000000000001,1.024,ML Work
Pd,2,10,1.322,1.182,ML Work
Pm,3,6,1.1099999999999999,0.97,Shannon
Pm,3,8,1.233,1.093,Shannon
Pm,3,9,1.2839999999999998,1.144,Shannon
Po,6,6,0.81,0.67,Shannon
Po,4,6,1.08,0.94,Shannon
Po,4,8,1.2200000000000002,1.08,Shannon
Pr,3,1,0.844,0.704,ML Work
Pr,3,2,0.908,0.768,ML Work
Pr,4,5,0.922,0.782,ML Work
Pr,3,3,0.971,0.831,ML Work
Pr,4,6,0.99,0.85,Shannon
Pr,3,4,1.0310000000000001,0.891,ML Work
Pr,4,7,1.0430000000000001,0.903,ML Work
Pr,3,5,1.088,0.948,ML Work
Pr,4,8,1.1,0.96,Shannon
Pr,3,6,1.13,0.99,Shannon
Pr,3,7,1.205,1.065,ML Work
Pr,3,8,1.266,1.126,Shannon
Pr,3,9,1.319,1.179,Shannon
Pr,3,10,1.3719999999999999,1.232,ML Work
Pr,2,6,1.3780000000000001,1.238,ML Work
Pr,3,11,1.4060000000000001,1.266,ML Work
Pr,3,12,1.4340000000000002,1.294,ML Work
Pr,2,8,1.4660000000000002,1.326,ML Work
Pr,2,12,1.665,1.525,ML Work
Pt,2,2,0.6020000000000001,0.462,ML Work
Pt,6,6,0.657,0.517,ML Work
Pt,5,6,0.71,0.57,Shannon
Pt,2,4,0.74,0.6,Shannon
Pt,4,6,0.765,0.625,Shannon
Pt,2,6,0.9400000000000001,0.8,Shannon
Pt,2,7,1.0630000000000002,0.923,ML Work
Pt,2,8,1.166,1.026,ML Work
Pu,6,2,0.562,0.422,ML Work
Pu,5,2,0.645,0.505,ML Work
Pu,6,6,0.85,0.71,Shannon
Pu,5,6,0.88,0.74,Shannon
Pu,6,8,0.985,0.845,ML Work
Pu,4,6,1.0,0.86,Shannon
Pu,5,8,1.014,0.874,ML Work
Pu,3,4,1.028,0.888,ML Work
Pu,4,7,1.06,0.92,ML Work
Pu,3,5,1.081,0.941,ML Work
Pu,4,8,1.1,0.96,Shannon
Pu,3,6,1.1400000000000001,1.0,Shannon
Pu,3,8,1.25,1.11,ML Work
Ra,2,8,1.62,1.48,Shannon
Ra,2,12,1.8399999999999999,1.7,Shannon
Rb,1,1,1.3450000000000002,1.205,ML Work
Rb,1,2,1.416,1.276,ML Work
Rb,1,3,1.484,1.344,ML Work
Rb,1,4,1.548,1.408,ML Work
Rb,1,5,1.6059999999999999,1.466,ML Work
Rb,1,6,1.6600000000000001,1.52,Shannon
Rb,1,7,1.7000000000000002,1.56,Shannon
Rb,1,8,1.75,1.61,Shannon
Rb,1,9,1.77,1.63,Shannon
Rb,1,10,1.7999999999999998,1.66,Shannon
Rb,1,11,1.83,1.69,Shannon
Rb,1,12,1.8599999999999999,1.72,Shannon
Rb,1,13,1.9129999999999998,1.773,ML Work
Rb,1,14,1.9700000000000002,1.83,Shannon
Re,7,4,0.52,0.38,Shannon
Re,6,4,0.539,0.399,ML Work
Re,5,4,0.581,0.441,ML Work
Re,7,5,0.5960000000000001,0.456,ML Work
Re,6,5,0.617,0.477,ML Work
Re,4,4,0.63,0.49,ML Work
Re,7,6,0.67,0.53,Shannon
Re,6,6,0.6900000000000001,0.55,Shannon
Re,5,6,0.72,0.58,Shannon
Re,4,6,0.77,0.63,Shannon
Re,7,8,0.807,0.667,ML Work
Rh,5,6,0.6900000000000001,0.55,Shannon
Rh,4,6,0.74,0.6,Shannon
Rh,3,6,0.805,0.665,Shannon
Rh,3,8,0.978,0.838,ML Work
Ru,8,4,0.5,0.36,Shannon
Ru,7,4,0.52,0.38,Shannon
Ru,6,4,0.526,0.386,ML Work
Ru,5,4,0.569,0.429,ML Work
Ru,6,5,0.609,0.469,ML Work
Ru,5,5,0.642,0.502,ML Work
Ru,3,4,0.671,0.531,ML Work
Ru,6,6,0.6910000000000001,0.551,ML Work
Ru,5,6,0.705,0.565,Shannon
Ru,4,6,0.76,0.62,Shannon
Ru,3,6,0.8200000000000001,0.68,Shannon
Ru,4,7,0.8250000000000001,0.685,ML Work
Ru,4,8,0.892,0.752,ML Work
S,5,3,0.231,0.091,ML Work
S,6,4,0.26,0.12,Shannon
S,4,2,0.263,0.123,ML Work
S,4,3,0.328,0.188,ML Work
S,6,6,0.43,0.29,Shannon
S,3,3,0.48200000000000004,0.342,ML Work
S,5,6,0.496,0.356,ML Work
S,4,6,0.51,0.37,Shannon
S,2,1,0.623,0.483,ML Work
S,2,2,0.67,0.53,ML Work
S,2,3,0.719,0.579,ML Work
S,2,4,0.768,0.628,ML Work
S,-2,6,1.7000000000000002,1.84,Shannon
Sb,5,3,0.534,0.394,ML Work
Sb,5,5,0.682,0.542,ML Work
Sb,5,6,0.74,0.6,Shannon
Sb,3,3,0.8180000000000001,0.678,ML Work
Sb,3,4,0.9,0.76,Shannon
Sb,3,6,0.9,0.76,Shannon
Sb,3,5,0.9400000000000001,0.8,Shannon
Sb,3,7,0.998,0.858,ML Work
Sb,3,8,1.072,0.932,ML Work
Sb,3,9,1.154,1.014,ML Work
Sb,3,10,1.2349999999999999,1.095,ML Work
Sc,3,2,0.569,0.429,ML Work
Sc,3,5,0.799,0.659,ML Work
Sc,3,6,0.885,0.745,Shannon
Sc,3,7,0.9440000000000001,0.804,ML Work
Sc,3,8,1.01,0.87,Shannon
Sc,2,6,1.064,0.924,ML Work
Sc,3,9,1.081,0.941,ML Work
Sc,3,10,1.146,1.006,ML Work
Se,4,1,0.265,0.125,ML Work
Se,6,3,0.34,0.2,ML Work
Se,4,3,0.41200000000000003,0.272,ML Work
Se,6,4,0.42000000000000004,0.28,Shannon
Se,6,5,0.49,0.35,ML Work
Se,4,4,0.492,0.352,ML Work
Se,6,6,0.56,0.42,Shannon
Se,4,5,0.5740000000000001,0.434,ML Work
Se,4,6,0.64,0.5,Shannon
Se,2,1,0.659,0.519,ML Work
Se,2,2,0.722,0.582,ML Work
Se,4,7,0.751,0.611,ML Work
Se,2,3,0.786,0.646,ML Work
Se,4,8,0.843,0.703,ML Work
Se,4,9,0.929,0.789,ML Work
Se,2,8,1.1320000000000001,0.992,ML Work
Se,-2,6,1.8399999999999999,1.98,Shannon
Si,4,4,0.4,0.26,Shannon
Si,4,5,0.47200000000000003,0.332,ML Work
Si,4,6,0.54,0.4,Shannon
Si,4,8,0.671,0.531,ML Work
Sm,3,1,0.798,0.658,ML Work
Sm,3,2,0.861,0.721,ML Work
Sm,3,3,0.924,0.784,ML Work
Sm,3,4,0.984,0.844,ML Work
Sm,3,5,1.042,0.902,ML Work
Sm,3,6,1.0979999999999999,0.958,Shannon
Sm,3,7,1.1600000000000001,1.02,Shannon
Sm,3,8,1.2189999999999999,1.079,Shannon
Sm,3,9,1.2719999999999998,1.132,Shannon
Sm,2,6,1.31,1.17,ML Work
Sm,3,10,1.3250000000000002,1.185,ML Work
Sm,3,11,1.358,1.218,ML Work
Sm,2,7,1.3599999999999999,1.22,Shannon
Sm,3,12,1.38,1.24,Shannon
Sm,2,8,1.4100000000000001,1.27,Shannon
Sm,2,9,1.46,1.32,Shannon
Sn,4,4,0.6900000000000001,0.55,Shannon
Sn,4,5,0.76,0.62,Shannon
Sn,4,6,0.83,0.69,Shannon
Sn,2,2,0.837,0.697,ML Work
Sn,4,7,0.89,0.75,Shannon
Sn,2,3,0.922,0.782,ML Work
Sn,4,8,0.9500000000000001,0.81,Shannon
Sn,2,4,1.002,0.862,ML Work
Sn,2,5,1.073,0.933,ML Work
Sn,2,6,1.139,0.999,ML Work
Sn,2,7,1.2029999999999998,1.063,ML Work
Sn,2,8,1.2679999999999998,1.128,ML Work
Sn,2,9,1.335,1.195,ML Work
Sn,2,10,1.404,1.264,ML Work
Sr,2,1,0.9500000000000001,0.81,ML Work
Sr,2,2,1.0310000000000001,0.891,ML Work
Sr,2,3,1.111,0.971,ML Work
Sr,2,4,1.186,1.046,ML Work
Sr,2,5,1.255,1.115,ML Work
Sr,2,6,1.3199999999999998,1.18,Shannon
Sr,2,7,1.35,1.21,Shannon
Sr,2,8,1.4,1.26,Shannon
Sr,2,9,1.4500000000000002,1.31,Shannon
Sr,2,10,1.5,1.36,Shannon
Sr,2,11,1.541,1.401,ML Work
Sr,2,12,1.58,1.44,Shannon
Ta,5,4,0.618,0.478,ML Work
Ta,5,5,0.6990000000000001,0.559,ML Work
Ta,4,5,0.753,0.613,ML Work
Ta,5,6,0.78,0.64,Shannon
Ta,4,6,0.8200000000000001,0.68,Shannon
Ta,5,7,0.83,0.69,Shannon
Ta,3,6,0.86,0.72,Shannon
Ta,5,8,0.88,0.74,Shannon
Tb,3,1,0.752,0.612,ML Work
Tb,3,2,0.8160000000000001,0.676,ML Work
Tb,4,5,0.843,0.703,ML Work
Tb,4,6,0.9,0.76,Shannon
Tb,4,7,0.964,0.824,ML Work
Tb,3,5,1.001,0.861,ML Work
Tb,4,8,1.02,0.88,Shannon
Tb,3,6,1.0630000000000002,0.923,Shannon
Tb,3,7,1.12,0.98,Shannon
Tb,3,8,1.1800000000000002,1.04,Shannon
Tb,4,12,1.186,1.046,ML Work
Tb,3,9,1.2349999999999999,1.095,Shannon
Tb,3,10,1.2810000000000001,1.141,ML Work
Tb,3,12,1.3399999999999999,1.2,ML Work
Tc,7,4,0.51,0.37,Shannon
Tc,7,5,0.609,0.469,ML Work
Tc,7,6,0.7000000000000001,0.56,Shannon
Tc,5,6,0.74,0.6,Shannon
Tc,4,6,0.785,0.645,Shannon
Tc,7,8,0.864,0.724,ML Work
Te,4,2,0.5549999999999999,0.415,ML Work
Te,6,4,0.5700000000000001,0.43,Shannon
Te,6,5,0.638,0.498,ML Work
Te,4,3,0.66,0.52,Shannon
Te,6,6,0.7000000000000001,0.56,Shannon
Te,5,5,0.79,0.65,ML Work
Te,6,7,0.791,0.651,ML Work
Te,4,4,0.8,0.66,Shannon
Te,5,6,0.9,0.76,ML Work
Te,4,5,0.9490000000000001,0.809,ML Work
Te,4,6,1.1099999999999999,0.97,Shannon
Te,4,7,1.149,1.009,ML Work
Te,4,8,1.202,1.062,ML Work
Te,4,9,1.2480000000000002,1.108,ML Work
Te,4,10,1.2959999999999998,1.156,ML Work
Te,-2,6,2.07,2.21,Shannon
Th,4,4,0.937,0.797,ML Work
Th,4,5,0.998,0.858,ML Work
Th,4,6,1.08,0.94,Shannon
Th,4,7,1.113,0.973,ML Work
Th,4,8,1.19,1.05,Shannon
Th,4,9,1.23,1.09,Shannon
Th,4,10,1.27,1.13,Shannon
Th,4,11,1.3199999999999998,1.18,Shannon
Th,4,12,1.35,1.21,Shannon
Th,3,12,1.504,1.364,ML Work
Ti,4,1,0.323,0.183,ML Work
Ti,4,2,0.402,0.262,ML Work
Ti,4,3,0.48300000000000004,0.343,ML Work
Ti,4,4,0.56,0.42,Shannon
Ti,4,5,0.65,0.51,Shannon
Ti,4,6,0.745,0.605,Shannon
Ti,3,5,0.755,0.615,ML Work
Ti,3,6,0.81,0.67,Shannon
Ti,2,4,0.862,0.722,ML Work
Ti,4,8,0.88,0.74,Shannon
Ti,3,7,0.902,0.762,ML Work
Ti,2,5,0.929,0.789,ML Work
Ti,4,9,0.936,0.796,ML Work
Ti,4,10,0.99,0.85,ML Work
Ti,2,6,1.0,0.86,Shannon
Tl,3,1,0.633,0.493,ML Work
Tl,3,2,0.72,0.58,ML Work
Tl,3,3,0.806,0.666,ML Work
Tl,3,4,0.89,0.75,Shannon
Tl,3,5,0.962,0.822,ML Work
Tl,3,6,1.025,0.885,Shannon
Tl,1,1,1.03,0.89,ML Work
Tl,3,7,1.099,0.959,ML Work
Tl,3,8,1.12,0.98,Shannon
Tl,1,2,1.158,1.018,ML Work
Tl,3,9,1.226,1.086,ML Work
Tl,1,3,1.29,1.15,ML Work
Tl,3,12,1.4009999999999998,1.261,ML Work
Tl,1,4,1.4180000000000001,1.278,ML Work
Tl,1,5,1.532,1.392,ML Work
Tl,1,6,1.6400000000000001,1.5,Shannon
Tl,1,7,1.685,1.545,ML Work
Tl,1,8,1.73,1.59,Shannon
Tl,1,9,1.7600000000000002,1.62,ML Work
Tl,1,10,1.79,1.65,ML Work
Tl,1,11,1.8199999999999998,1.68,ML Work
Tl,1,12,1.8399999999999999,1.7,Shannon
Tm,3,2,0.764,0.624,ML Work
Tm,3,3,0.8270000000000001,0.687,ML Work
Tm,3,6,1.02,0.88,Shannon
Tm,3,7,1.076,0.936,ML Work
Tm,3,8,1.134,0.994,Shannon
Tm,2,6,1.17,1.03,Shannon
Tm,3,9,1.1920000000000002,1.052,Shannon
Tm,2,7,1.23,1.09,Shannon
Tm,3,10,1.2309999999999999,1.091,ML Work
Tm,2,8,1.287,1.147,ML Work
Tm,3,12,1.29,1.15,ML Work
Tm,2,12,1.4900000000000002,1.35,ML Work
U,6,2,0.5900000000000001,0.45,Shannon
U,6,3,0.624,0.484,ML Work
U,6,4,0.66,0.52,Shannon
U,5,2,0.664,0.524,ML Work
U,6,5,0.769,0.629,ML Work
U,5,5,0.834,0.694,ML Work
U,6,6,0.87,0.73,Shannon
U,5,6,0.9,0.76,Shannon
U,6,7,0.9500000000000001,0.81,Shannon
U,5,7,0.98,0.84,Shannon
U,6,8,1.0,0.86,Shannon
U,4,6,1.03,0.89,Shannon
U,5,8,1.038,0.898,ML Work
U,4,7,1.0899999999999999,0.95,Shannon
U,4,8,1.1400000000000001,1.0,Shannon
U,3,6,1.165,1.025,Shannon
U,4,9,1.19,1.05,Shannon
U,4,12,1.31,1.17,Shannon
V,5,1,0.22300000000000003,0.083,ML Work
V,5,2,0.31100000000000005,0.171,ML Work
V,4,1,0.323,0.183,ML Work
V,4,2,0.403,0.263,ML Work
V,5,3,0.403,0.263,ML Work
V,4,3,0.486,0.346,ML Work
V,5,4,0.495,0.355,Shannon
V,4,4,0.571,0.431,ML Work
V,3,3,0.589,0.449,ML Work
V,5,5,0.6000000000000001,0.46,Shannon
V,3,4,0.653,0.513,ML Work
V,4,5,0.67,0.53,Shannon
V,5,6,0.68,0.54,Shannon
V,3,5,0.716,0.576,ML Work
V,4,6,0.72,0.58,Shannon
V,5,8,0.77,0.63,ML Work
V,3,6,0.78,0.64,Shannon
V,4,8,0.86,0.72,Shannon
V,2,6,0.93,0.79,Shannon
W,6,3,0.47800000000000004,0.338,ML Work
W,6,4,0.56,0.42,Shannon
W,6,5,0.65,0.51,Shannon
W,6,6,0.74,0.6,Shannon
W,5,6,0.76,0.62,Shannon
W,4,6,0.8,0.66,Shannon
W,6,7,0.811,0.671,ML Work
W,5,7,0.8250000000000001,0.685,ML Work
W,6,8,0.877,0.737,ML Work
Xe,8,4,0.54,0.4,Shannon
Xe,8,6,0.62,0.48,Shannon
Y,3,2,0.752,0.612,ML Work
Y,3,3,0.8260000000000001,0.686,ML Work
Y,3,4,0.899,0.759,ML Work
Y,3,5,0.969,0.829,ML Work
Y,3,6,1.04,0.9,Shannon
Y,3,7,1.1,0.96,Shannon
Y,3,8,1.1589999999999998,1.019,Shannon
Y,2,6,1.2069999999999999,1.067,ML Work
Y,3,9,1.2149999999999999,1.075,Shannon
Y,3,10,1.266,1.126,ML Work
Y,3,12,1.359,1.219,ML Work
Yb,3,2,0.751,0.611,ML Work
Yb,3,3,0.8150000000000001,0.675,ML Work
Yb,3,5,0.9430000000000001,0.803,ML Work
Yb,3,6,1.008,0.868,Shannon
Yb,3,7,1.065,0.925,Shannon
Yb,3,8,1.125,0.985,Shannon
Yb,2,6,1.1600000000000001,1.02,Shannon
Yb,3,9,1.182,1.042,Shannon
Yb,3,10,1.2189999999999999,1.079,ML Work
Yb,2,7,1.2200000000000002,1.08,Shannon
Yb,3,12,1.278,1.138,ML Work
Yb,2,8,1.2799999999999998,1.14,Shannon
Yb,2,12,1.476,1.336,ML Work
Zn,2,1,0.463,0.323,ML Work
Zn,2,2,0.554,0.414,ML Work
Zn,2,3,0.646,0.506,ML Work
Zn,2,4,0.74,0.6,Shannon
Zn,2,5,0.8200000000000001,0.68,Shannon
Zn,2,6,0.88,0.74,Shannon
Zn,2,7,0.961,0.821,ML Work
Zn,2,8,1.04,0.9,Shannon
Zn,2,9,1.1059999999999999,0.966,ML Work
Zr,4,4,0.73,0.59,Shannon
Zr,4,5,0.8,0.66,Shannon
Zr,4,6,0.86,0.72,Shannon
Zr,4,7,0.92,0.78,Shannon
Zr,4,8,0.98,0.84,Shannon
Zr,4,9,1.03,0.89,Shannon
Zr,4,10,1.088,0.948,ML Work
