"Materials Id","Formula","Spacegroup","Formation Energy (eV)","E Above Hull (eV)","Band Gap (eV)","Has Bandstructure","Volume","Nsites","Theoretical","Count","Density (gm/cc)","Crystal System",""
"mp-1207933","Y3Sc2(GaO4)3","Ia3d","-3.393","0","3.595","false","1003.325","80","true","482","5.017","cubic",""
"mp-1208208","Y3Ga3(FeO6)2","Ia3d","-2.878","0","2.630","false","971.32","80","true","","5.331","cubic",""
"mp-1211646","Li3Lu3(TeO6)2","Ia3d","-2.798","0","3.112","false","918.323","80","true","","7.182","cubic",""
"mp-6527","Na3Li3In2F12","Ia3d","-3.046","0","5.290","true","1072.334","80","false","","3.391","cubic",""
"mp-556723","Na3Fe2(AsO4)3","Ia3d","-1.952","0","2.186","true","959.363","80","false","","4.136","cubic",""
"mp-6247","Na3Li3Fe2F12","Ia3d","-3.036","0","4.068","true","995.938","80","false","","2.864","cubic",""
"mp-15103","Sr3Y2(GeO4)3","Ia3d","-3.07","0","3.136","true","1165.601","80","false","","4.847","cubic",""
"mp-1210576","Nd3Sc2(FeO4)3","Ia3d","-3.175","0","2.125","false","1069.499","80","true","","5.479","cubic",""
"mp-1211226","Li3Y3(TeO6)2","Ia3d","-2.777","0","3.240","false","960.533","80","true","","5.081","cubic",""
"mp-1211470","Mn3Al2(GeO4)3","Ia3d","-2.465","0","2.380","false","873.231","80","true","","4.782","cubic",""
"mp-1209643","Sm3Sc2(FeO4)3","Ia3d","-3.185","0","2.148","false","1047.945","80","true","","5.708","cubic",""
"mp-1209949","Pr3Sc2(FeO4)3","Ia3d","-3.163","0","2.117","false","1086.985","80","true","","5.329","cubic",""
"mp-1208541","Tl3Cr2(PS4)3","P21/c","-0.863","0","1.565","false","2283.226","80","true","","3.476","monoclinic",""
"mp-1185315","Li3La3(MoO6)2","Ia3d","-2.943","0","2.675","false","1036.099","80","true","","5.266","cubic",""
"mp-21989","Ca3Sc2(GeO4)3","Ia3d","-3.098","0","3.467","true","1012.246","80","false","","4.069","cubic",""
"mp-1205185","Rb3Sc2(AsO4)3","Pa3","-2.48","0","3.812","false","5088.079","320","false","","3.985","cubic",""
"mp-1208829","Sr3Sc2(GeO4)3","Ia3d","-3.066","0","3.275","false","1086.312","80","true","","4.663","cubic",""
"mp-1212454","La3Lu2(GaO4)3","Ia3d","-3.422","0","3.285","false","1119.769","80","true","","6.927","cubic",""
"mp-1213450","Gd3Lu2(GaO4)3","Ia3d","-3.403","0","3.079","false","1063.964","80","true","","7.634","cubic",""
"mp-1211223","Li3Yb3(TeO6)2","Ia3d","-2.329","0","0.000","false","977.988","80","true","","6.704","cubic",""
"mp-1211248","Li3Tm3(TeO6)2","Ia3d","-2.802","0","3.138","false","932.304","80","true","","6.945","cubic",""
"mp-1170750","Ca3Si3(MoO6)2","Ia3d","-3.109","0","2.689","false","965.953","80","true","","4.046","cubic",""
"mp-6153","Na3Li3V2F12","Ia3d","-3.211","0","2.564","false","1006.252","80","false","","2.77","cubic",""
"mp-16956","Na3Sc2(PO4)3","Cc","-3.086","0","4.689","true","540.127","40","false","","2.729","monoclinic",""
"mp-1207967","Y3Cr2(GaO4)3","Ia3d","-3.01","0","3.233","false","964.938","80","true","","5.313","cubic",""
"mp-1211869","La3Sc2(GaO4)3","Ia3d","-3.39","0","3.314","false","1093.662","80","true","","5.513","cubic",""
"mp-1214304","Ca3Tm2(GeO4)3","Ia3d","-3.119","0","3.259","false","1069.864","80","true","","5.389","cubic",""
"mp-1197125","K3Al2(AsO4)3","Pna21","-2.357","0","3.275","false","1413.706","80","false","","2.763","orthorhombic",""
"mp-1214423","Ca3Lu2(GeO4)3","Ia3d","-3.132","0","3.292","false","1064.23","80","true","","5.493","cubic",""
"mp-17349","Na3In2(PO4)3","C2/c","-2.559","0","3.218","true","500.528","40","false","","3.872","monoclinic",""
"mp-557717","Li3Nd3(WO6)2","Ia3d","-2.981","0","3.665","true","1009.51","80","false","","6.667","cubic",""
"mp-1207946","Y3In2(GaO4)3","Ia3d","-2.884","0","2.719","false","1031.75","80","true","","5.778","cubic",""
"mp-744259","Ca3Mn2(GeO4)3","I41/a","-2.578","0","1.018","false","971.959","80","false","","4.374","tetragonal",""
"mp-1213255","Er3Sc2Al3O12","Ia3d","-3.839","0","4.458","false","949.454","80","true","","6.049","cubic",""
"mp-16383","Na3Cr2(AsO4)3","Ia3d","-2.074","0","2.607","true","948.412","80","false","","4.13","cubic",""
"mp-6414","Ca3Cr2(SiO4)3","Ia3d","-3.203","0","3.223","true","898.499","80","false","","3.7","cubic",""
"mp-778433","Li3Cr2(PS4)3","P21/c","-1.014","0","1.295","false","1819.841","80","true","","2.199","monoclinic",""
"mp-1211386","Li3Pr3(TeO6)2","Ia3d","-2.727","0","3.129","false","1041.675","80","true","","5.68","cubic",""
"mp-560459","Rb3Al2(PO4)3","Cmc21","-2.942","0","4.417","true","683.027","40","false","","2.894","orthorhombic",""
"mp-6805","K3Ga2(PO4)3","Pna21","-2.642","0","3.770","false","1309.791","80","false","","2.747","orthorhombic",""
"mp-1200951","Cs3Bi2(PS4)3","P21/c","-1.038","0","1.975","false","2466.598","80","false","","3.486","monoclinic",""
"mp-1212436","Ho3Sc2Al3O12","Ia3d","-3.836","0","4.352","false","962.363","80","true","","5.919","cubic",""
"mp-1202673","Na3V3Cr2O12","Ia3d","-2.401","0","2.361","false","971.533","80","true","","3.54","cubic",""
"mp-1210682","Na3Li3Rh2F12","Ia3d","-2.675","0","2.139","false","1018.297","80","true","","3.415","cubic",""
"mp-560736","K3V3(BiO6)2","C2/c","-2.281","0","2.910","true","668.954","40","false","","4.369","monoclinic",""
"mp-1214159","Ca3Ga3(SnO6)2","Ia3d","-2.573","0","0.000","false","1041.733","80","true","","4.838","cubic",""
"mp-1213017","Gd3Sc2Al3O12","Ia3d","-3.801","0","3.246","false","982.667","80","true","","5.641","cubic",""
"mp-1212025","La3Tm2(GaO4)3","Ia3d","-3.41","0","3.189","false","1141.627","80","true","","6.724","cubic",""
"mp-1213138","Dy3Sc2Al3O12","Ia3d","-3.834","0","4.318","false","963.029","80","true","","5.865","cubic",""
"mp-1209197","Sr3Er2(GeO4)3","Ia3d","-3.094","0","3.128","false","1152.091","80","true","","5.807","cubic",""
"mp-556676","Na3Al2(AsO4)3","C2","-2.323","0","3.258","true","984.868","80","false","","3.64","monoclinic",""
"mp-14458","Na3Li3Cr2F12","Ia3d","-3.159","0","4.088","true","989.075","80","false","","2.832","cubic",""
"mp-6255","Ca3Sc2(SiO4)3","Ia3d","-3.607","0","4.103","true","945.797","80","false","","3.416","cubic",""
"mvc-4467","Ca3Ge3(MoO6)2","Ia3d","-2.601","0","1.850","false","1033.278","80","true","","4.641","cubic",""
"mp-1213528","Eu3Sc2(FeO4)3","Ia3d","-2.944","0","0.000","false","1053.61","80","true","","5.707","cubic",""
"mp-14678","Y3Sc2Al3O12","Ia3d","-3.817","0","4.271","true","964.203","80","false","","4.337","cubic",""
"mp-1211871","La3In2(GaO4)3","Ia3d","-2.882","0","2.725","false","1120.697","80","true","","6.208","cubic",""
"mp-21932","Na3Li3Co2F12","Ia3d","-2.818","0","1.883","true","981.11","80","false","","2.949","cubic",""
"mp-14778","Ca3Zn3(TeO6)2","Ia3d","-2.331","0","2.130","true","1037.045","80","false","","4.891","cubic",""
"mp-1210989","Li3Er3(TeO6)2","Ia3d","-2.796","0","3.193","false","943.182","80","true","","6.83","cubic",""
"mp-560629","K3Al2(PO4)3","Pna21","-2.95","0","4.433","true","1296.161","80","false","","2.338","orthorhombic",""
"mp-1209040","Sm3Sc2Al3O12","Ia3d","-3.79","0","3.993","false","995.815","80","true","","5.429","cubic",""
"mp-1207891","Y3Al3Cr2O12","Ia3d","-3.432","0","3.507","false","926.67","80","true","","4.614","cubic",""
"mp-1210935","Li3Dy3(TeO6)2","Ia3d","-2.792","0","3.190","false","955.475","80","true","","6.642","cubic",""
"mp-560420","K3Bi2(PO4)3","C2/c","-2.516","0","3.769","true","594.969","40","false","","4.578","monoclinic",""
"mp-1019565","Ca3Ga2(GeO4)3","Ia3d","-2.648","0","2.979","true","952.93","80","false","","4.667","cubic",""
"mp-6565","Li3Sc2(PO4)3","P21/c","-3.136","0","4.737","true","991.454","80","false","","2.651","monoclinic",""
"mp-6213","Na3Sc2V3O12","Ia3d","-2.817","0","3.208","true","1044.574","80","false","","3.203","cubic",""
"mp-581237","K3Fe2(PO4)3","C2/c","-2.542","0","2.266","false","1187.101","80","false","","2.875","monoclinic",""
"mp-27003","Li3Mo2(PO4)3","R3","-2.606","0","3.918","true","496.375","40","true","","3.329","trigonal",""
"mp-559281","Na3Cr2(PS4)3","P21/c","-1.046","0","1.293","true","1975.481","80","false","","2.188","monoclinic",""
"mp-1213214","Er3Al3Cr2O12","Ia3d","-3.459","0","3.560","false","915.538","80","true","","6.375","cubic",""
"mp-1213328","Eu3Sc2Al3O12","Ia3d","-3.551","0","0.173","false","1002.444","80","true","","5.425","cubic",""
"mp-1210498","Nd3Ho2(GaO4)3","Ia3d","-3.349","0","3.027","false","1117.916","80","true","","6.914","cubic",""
"mp-1211256","Li3Sm3(TeO6)2","Ia3d","-2.753","0","3.170","false","1000.941","80","true","","6.099","cubic",""
"mp-1211213","Li3Tb3(TeO6)2","Ia3d","-2.789","0","3.187","false","965.676","80","true","","6.499","cubic",""
"mp-1214222","Ca3Al2(GeO4)3","Ia3d","-2.946","0","3.502","false","918.942","80","true","","4.222","cubic",""
"mp-14488","Li3In2(PO4)3","P21/c","-2.599","0","3.677","true","975.355","80","false","","3.646","monoclinic",""
"mp-1214263","Ca3Ti3Cr2O12","Ia3d","-3.29","0","3.091","false","1005.466","80","true","","3.698","cubic",""
"mp-22804","Na3In2(AsO4)3","C2/c","-1.991","0","2.276","true","548.587","40","false","","4.331","monoclinic",""
"mp-1210695","Mg3Cu2(AsO4)3","C2/c","-2.046","0","0.020","false","494.297","40","true","","4.144","monoclinic",""
"mp-1211152","Li3Eu3(TeO6)2","Ia3d","-2.506","0","0.084","false","1030.057","80","true","","5.958","cubic",""
"mp-561369","K3Bi2(AsO4)3","C2/c","-1.955","0","3.330","true","651.653","40","false","","4.852","monoclinic",""
"mp-14023","Na3Li3Sc2F12","Ia3d","-3.616","0","6.869","true","1042.004","80","false","","2.599","cubic",""
"mp-6711","Na3Li3Al2F12","Ia3d","-3.485","0","7.087","true","934.705","80","false","","2.642","cubic",""
"mp-1207534","Zn3Cd3(TeO6)2","Ia3d","-1.644","0","0.911","false","1030.482","80","true","","6.321","cubic",""
"mp-677627","Li3Nd3(TeO6)2","Ia3d","-2.741","0","3.132","true","1026.056","80","true","","5.831","cubic",""
"mp-1210408","Nd3Tm2(GaO4)3","Ia3d","-3.373","0","3.104","false","1105.025","80","true","","7.043","cubic",""
"mp-1210727","Nd3Lu2(GaO4)3","Ia3d","-3.387","0","3.148","false","1099.021","80","true","","7.155","cubic",""
"mvc-13324","Ca3Cr2(GeO4)3","Ia3d","-2.694","0","2.998","true","968.584","80","true","","4.349","cubic",""
"mp-1214247","Ca3In2(GeO4)3","Ia3d","-2.587","0","2.672","false","1037.799","80","true","","4.863","cubic",""
"mp-777767","Li3Cu2(SO4)3","P21/c","-2","0","0.000","false","951.828","80","true","","3.043","monoclinic",""
"mp-556143","Na3Ga3(TeO6)2","Ia3d","-2.001","0","1.847","true","987.173","80","false","","4.88","cubic",""
"mp-1210514","Pr3Lu2(GaO4)3","Ia3d","-3.375","0","3.101","false","1112.731","80","true","","7.007","cubic",""
"mp-1195778","K2Mn3(AsO4)3","C2/c","-1.991","0","0.679","false","546.537","40","false","","4.009","monoclinic",""
"mp-21971","Ca3Fe2(GeO4)3","Ia3d","-2.567","0","2.384","false","969.964","80","false","","4.395","cubic",""
"mp-1212457","Li3Gd3(TeO6)2","Ia3d","-2.762","0","2.819","false","981.055","80","true","","6.363","cubic",""
"mp-14457","Na3Li3Ti2F12","Ia3d","-3.352","0","0.000","true","1012.195","80","false","","2.713","cubic",""
"mp-9870","K3Ta3(BO6)2","P62m","-3.069","0","2.691","true","270.083","20","false","","5.372","hexagonal",""
"mp-558828","K3Nb3(BO6)2","P31m","-2.89","0","2.346","true","277.69","20","false","","3.645","trigonal",""
"mp-1209021","Sr3Tm2(GeO4)3","Ia3d","-3.105","0","3.175","false","1140.673","80","true","","5.885","cubic",""
"mp-1211542","Li3Ho3(TeO6)2","Ia3d","-2.794","0","3.197","false","948.447","80","true","","6.743","cubic",""
"mp-557711","K3Nb3(BO6)2","Pmc21","-2.89","0","2.381","true","1112.822","80","false","","3.639","orthorhombic",""
"mp-774742","Li3Sc2(PO4)3","P21/c","-3.136","0","4.611","true","992.077","80","true","","2.649","monoclinic",""
"mp-1228716","Ca3Ga2(SnO4)3","I41/acd","-2.599","0","2.144","false","1064.085","80","true","","5.042","tetragonal",""
"mp-26045","Li3Cr2(PO4)3","P21/c","-2.661","0","3.028","true","885.341","80","true","","3.074","monoclinic",""
"mp-1214967","Al2Cd3(GeO4)3","Ia3d","-2.271","0.001","2.191","false","919.563","80","true","","5.787","cubic",""
"mp-6008","Ca3Al2(SiO4)3","Ia3d","-3.456","0.001","4.993","true","857.319","80","false","","3.49","cubic",""
"mp-1215138","Cd3Fe2(GeO4)3","Ia3d","-1.885","0.001","1.903","false","977.142","80","true","","5.838","cubic",""
"mp-6480","Mn3Al2(SiO4)3","Ia3d","-2.967","0.001","3.556","true","809.679","80","false","","4.061","cubic",""
"mp-775597","Li3Cr2(PO4)3","P21/c","-2.661","0.001","3.181","false","918.764","80","true","","2.962","monoclinic",""
"mp-558822","Na2Fe3(PO4)3","C2/c","-2.45","0.001","0.000","true","454.905","40","false","","3.639","monoclinic",""
"mp-26079","Li3Cr2(PO4)3","P21/c","-2.658","0.002","3.183","false","923.81","80","true","","2.946","monoclinic",""
"mp-758654","Li3Fe2(PO4)3","P1","-2.557","0.003","2.423","true","467.635","40","true","","2.965","triclinic",""
"mp-1221836","Mn3Cd3(TeO6)2","R3","-1.739","0.003","0.486","false","538.403","40","true","","5.855","trigonal",""
"mp-6425","Li3In2(PO4)3","R3","-2.596","0.003","3.769","true","509.218","40","false","","3.492","trigonal",""
"mp-1022965","K3V2(PO4)3","C2/c","-2.653","0.003","1.794","true","539.068","40","true","","3.106","monoclinic",""
"mp-15248","K3Nb3(BO6)2","P62m","-2.886","0.004","1.921","true","274.707","20","false","","3.685","hexagonal",""
"mp-1207916","Tm3Sc2Al3O12","Ia3d","-3.845","0.004","4.532","false","940.456","80","true","","6.142","cubic",""
"mp-773057","Li3Mn2(PO4)3","P21/c","-2.573","0.004","0.979","false","936.666","80","true","","2.947","monoclinic",""
"mp-559520","In2Ag3(PO4)3","C2/c","-2.053","0.005","0.998","true","516.744","40","false","","5.387","monoclinic",""
"mp-14047","Al2Cd3(SiO4)3","Ia3d","-2.771","0.006","2.955","true","858.435","80","false","","5.164","cubic",""
"mp-779404","Li3Cr2(AsO4)3","Ia3d","-2.086","0.006","2.670","true","893.824","80","true","","4.025","cubic",""
"mp-1221280","Na3Sc2(PO4)3","C2/c","-3.079","0.007","4.583","false","528.666","40","true","","2.788","monoclinic",""
"mp-1213979","Cd3Ga2(GeO4)3","Ia3d","-1.973","0.008","1.737","false","957.362","80","true","","6.151","cubic",""
"mp-26039","Li3Mn2(PO4)3","P21/c","-2.57","0.008","1.175","false","923.365","80","true","","2.99","monoclinic",""
"mp-1195335","Na2Fe3(PO4)3","P21/c","-2.465","0.008","1.693","false","964.727","80","false","","3.432","monoclinic",""
"mp-14052","Ca3In2(SiO4)3","Ia3d","-3.087","0.008","3.668","true","970.003","80","false","","4.287","cubic",""
"mp-1204480","Tl2Ag3(PO4)3","C2/c","-1.802","0.008","0.344","false","543.834","40","false","","6.212","monoclinic",""
"mp-780606","Li3Cr2(PO4)3","P1","-2.666","0.009","2.799","false","460.931","40","true","","2.952","triclinic",""
"mp-26971","Li3Cr2(PO4)3","R3","-2.666","0.009","3.045","true","454.908","40","true","","2.991","trigonal",""
"mp-26085","Li3Mo2(PO4)3","P21/c","-2.597","0.009","4.152","false","954.867","80","true","","3.461","monoclinic",""
"mp-555644","Al2Tl3(PO4)3","Pnma","-2.632","0.009","3.436","true","1185.343","80","true","","5.335","orthorhombic",""
"mp-1221822","Mn3Co3(TeO6)2","R3","-1.709","0.01","1.550","false","242.658","20","true","","5.398","trigonal",""
"mp-669331","Ca3Y2(GeO4)3","Ia3d","-3.076","0.01","3.259","true","1087.788","80","false","","4.323","cubic",""
"mp-640715","Rb3Yb2(PO4)3","I213","-2.834","0.011","0.000","false","2660.889","160","false","","4.43","cubic",""
"mvc-4409","Ca3Co2(GeO4)3","Ia3d","-2.393","0.011","1.072","false","956.341","80","true","","4.501","cubic",""
"mp-1214233","Ca3Fe3(SbO6)2","Ia3d","-2.419","0.011","0.000","false","1050.303","80","true","","4.574","cubic",""
"mp-31729","Li3Cr2(PO4)3","Cc","-2.651","0.011","3.147","false","461.141","40","true","","2.951","monoclinic",""
"mp-555608","Na3Sc2(PO4)3","R3c","-3.074","0.012","4.715","true","539.875","40","false","","2.73","trigonal",""
"mp-849395","Li3Fe2(PO4)3","P1","-2.548","0.012","2.498","false","470.166","40","true","","2.949","triclinic",""
"mp-14050","Ca3Ga2(SiO4)3","Ia3d","-3.152","0.012","4.250","true","891.326","80","false","","3.994","cubic",""
"mp-559287","Ho2Sn3(PbS4)3","Pmc21","-1.234","0.012","0.615","true","937.634","40","false","","5.994","orthorhombic",""
"mp-761059","Na3V2(PO4)3","P21/c","-2.653","0.012","1.951","false","1015.367","80","true","","2.981","monoclinic",""
"mp-13771","Sc2Cd3(GeO4)3","Ia3d","-2.409","0.013","2.303","true","1011.578","80","false","","5.496","cubic",""
"mp-1211638","Mn3Ga2(GeO4)3","Ia3d","-2.158","0.014","1.866","false","906.426","80","true","","5.233","cubic",""
"mp-1214274","Ca3Ge3(RhO6)2","Ia3d","-2.335","0.015","1.529","false","980.473","80","true","","4.986","cubic",""
"mp-697753","Li3Cr2(PO4)3","Cc","-2.658","0.017","2.887","true","464.689","40","true","","2.928","monoclinic",""
"mp-757321","Li3V2(PO4)3","P21/c","-2.712","0.018","2.002","false","908.589","80","true","","2.98","monoclinic",""
"mp-26535","Li3Mo2(PO4)3","C2/m","-2.588","0.018","3.223","true","445.307","40","true","","3.711","monoclinic",""
"mp-1207693","Yb3Al3Cr2O12","Ia3d","-3.067","0.019","0.000","false","896.879","80","true","","6.636","cubic",""
"mvc-4394","Ca3V2(GeO4)3","Ia3d","-2.684","0.019","0.000","false","976.664","80","true","","4.298","cubic",""
"mp-850900","Li3V2(PO4)3","R3","-2.71","0.019","0.000","true","473.556","40","true","","2.859","trigonal",""
"mp-758937","Li3Mn2(PO4)3","P21212","-2.554","0.019","0.734","false","937.734","80","true","","2.944","orthorhombic",""
"mp-774352","Li3Co2(PO4)3","P21/c","-2.375","0.021","0.909","false","916.318","80","true","","3.071","monoclinic",""
"mp-1211944","La3Yb2(GaO4)3","Ia3d","-3.061","0.021","0.000","false","1148.816","80","true","","6.73","cubic",""
"mp-777465","Li3P3(WO6)2","R3","-2.504","0.021","3.674","true","509.99","40","true","","4.385","trigonal",""
"mp-26105","Li3Mo2(PO4)3","P21/c","-2.598","0.022","3.241","true","1005.791","80","true","","3.286","monoclinic",""
"mp-1194640","Mn3V3(AgO6)2","C2/c","-1.991","0.022","0.029","false","522.066","40","false","","4.614","monoclinic",""
"mp-26439","Li3Mo2(PO4)3","Cc","-2.584","0.022","3.869","true","497.223","40","true","","3.324","monoclinic",""
"mp-1207900","Yb2Nd3(GaO4)3","Ia3d","-3.027","0.023","0.000","false","1108.038","80","true","","7.073","cubic",""
"mp-1154470","Ca3Ti2(SiO4)3","Ia3d","-3.399","0.023","0.069","false","924.544","80","true","","3.536","cubic",""
"mp-1227740","Ca3Er2(SnS4)3","Amm2","-1.712","0.024","0.753","false","448.929","20","true","","4.423","orthorhombic",""
"mp-1215702","Zn3Cu3(TeO6)2","I213","-1.39","0.025","0.461","false","459.698","40","true","","6.026","cubic",""
"mp-1214162","Ca3V3(NiO6)2","Ia3d","-2.536","0.025","0.000","false","987.769","80","true","","3.917","cubic",""
"mp-1214208","Ca3Y2(SiO4)3","Ia3d","-3.58","0.025","3.810","false","1021.934","80","true","","3.733","cubic",""
"mp-754774","Li2Mn3(CoO4)3","P1","-1.701","0.025","1.069","true","213.555","20","true","","4.257","triclinic",""
"mp-1163930","Ca3Co2(SiO4)3","Ia3d","-2.9","0.026","1.072","false","895.983","80","true","","3.813","cubic",""
"mp-26677","Li3Fe2(PO4)3","C2/m","-2.534","0.026","1.394","false","416.083","40","true","","3.332","monoclinic",""
"mvc-5319","Ca3Mn2(GeO4)3","Ia3d","-2.553","0.026","0.000","false","980.646","80","true","","4.335","cubic",""
"mp-26087","Li3Co2(PO4)3","P21/c","-2.369","0.027","1.120","false","922.044","80","true","","3.052","monoclinic",""
"mp-11772","Ba3Ti3(BO6)2","P62m","-3.352","0.027","2.153","true","263.958","20","false","","4.839","hexagonal",""
"mp-6274","Mn3Cr2(SiO4)3","Ia3d","-2.692","0.027","2.889","true","850.268","80","false","","4.258","cubic",""
"mp-26367","Li3Mn2(PO4)3","C2/c","-2.55","0.028","1.132","true","431.728","40","true","","3.197","monoclinic",""
"mp-776557","Na3V2(PO4)3","C2/c","-2.637","0.028","1.909","true","497.397","40","true","","3.043","monoclinic",""
"mp-1214197","Ca3V3(CuO6)2","Ia3d","-2.521","0.029","0.000","false","991.53","80","true","","3.967","cubic",""
"mp-1265277","Ca3Mn2(SiO4)3","I41/acd","-3.076","0.029","1.027","false","913.341","80","false","","3.682","tetragonal",""
"mp-26739","Li3Cr2(PO4)3","Ia3d","-2.645","0.03","3.128","true","807.322","80","true","","3.371","cubic",""
"mp-26701","Li3Sn2(PO4)3","P21/c","-2.535","0.03","2.481","true","1028.272","80","true","","3.509","monoclinic",""
"mp-32530","Li3V2(PO4)3","P2/c","-2.699","0.03","1.998","false","938.922","80","true","","2.884","monoclinic",""
"mp-1163934","Ca3V2(SiO4)3","Ia3d","-3.196","0.03","0.000","false","914.425","80","false","","3.62","cubic",""
"mp-1214302","Ca3Yb2(GeO4)3","Ia3d","-2.768","0.03","0.000","false","1072.306","80","true","","5.428","cubic",""
"mp-1210577","Na3Mn2V3O12","Ia3d","-2.267","0.03","0.000","false","986.741","80","true","","3.525","cubic",""
"mp-1226601","Co3Cu3(TeO6)2","I213","-1.306","0.032","0.436","false","457.342","40","true","","5.916","cubic",""
"mp-758687","Li3P3(WO6)2","P21/c","-2.494","0.032","3.689","false","980.112","80","true","","4.564","monoclinic",""
"mp-684504","Li3Bi2(PO4)3","P21/c","-2.529","0.033","3.882","true","1136.62","80","true","","4.229","monoclinic",""
"mp-6239","Mn3Fe2(SiO4)3","Ia3d","-2.557","0.033","2.364","false","856.628","80","false","","4.286","cubic",""
"mp-559251","K3Cr2(PS4)3","P21/c","-1.039","0.033","1.290","true","2252.367","80","false","","2.061","monoclinic",""
"mvc-4469","Ca3Ge3(WO6)2","Ia3d","-2.483","0.034","1.467","false","1040.751","80","true","","5.73","cubic",""
"mp-26825","Li3Fe2(PO4)3","C2/c","-2.525","0.034","2.227","true","430.917","40","true","","3.217","monoclinic",""
"mp-1201980","Mn3Fe2(GeO4)3","Ia3d","-2.045","0.035","2.060","false","918.211","80","false","","4.965","cubic",""
"mp-26711","Li3V2(PO4)3","C2/c","-2.695","0.035","1.936","true","456.313","40","true","","2.967","monoclinic",""
"mp-1020161","Na3Al2(PO4)3","Ia3d","-2.867","0.035","5.230","true","803.087","80","true","","3.373","cubic",""
"mp-1209062","Sr3Yb2(GeO4)3","Ia3d","-2.758","0.035","0.000","false","1166.858","80","true","","5.8","cubic",""
"mp-27069","Li3Bi2(PO4)3","P21/c","-2.526","0.035","4.026","true","1080.627","80","true","","4.448","monoclinic",""
"mp-25929","Li3Bi2(PO4)3","R3","-2.526","0.035","3.748","true","571.833","40","true","","4.203","trigonal",""
"mp-26845","Li3Mn2(PO4)3","C2/c","-2.541","0.037","1.401","true","461.042","40","true","","2.994","monoclinic",""
"mp-1210638","Na3Cu2(MoO4)3","C2/c","-1.904","0.038","0.181","false","576.423","40","true","","3.894","monoclinic",""
"mp-1013797","Na3Ge3(MoO6)2","Ia3d","-2.112","0.038","0.000","true","1000.33","80","true","","4.454","cubic",""
"mp-757899","Li3Sn2(PO4)3","P21/c","-2.526","0.039","2.155","true","1071.696","80","true","","3.366","monoclinic",""
"mp-1207985","V2Cd3(GeO4)3","Ia3d","-2.003","0.039","0.000","false","980.156","80","true","","5.754","cubic",""
"mp-6073","Mg3Al2(SiO4)3","Ia3d","-3.268","0.039","4.940","true","774.655","80","false","","3.457","cubic",""
"mp-774463","Li3Cr2(PO4)3","C2","-2.623","0.039","2.801","true","459.078","40","true","","2.964","monoclinic",""
"mp-26705","Li3Cr2(PO4)3","C2/c","-2.635","0.04","2.900","true","446.417","40","true","","3.048","monoclinic",""
"mp-26489","Li3Cr2(PO4)3","C2/m","-2.635","0.04","1.899","true","404.654","40","true","","3.363","monoclinic",""
"mp-1216309","Y2Mg3(GeO4)3","I41/acd","-2.91","0.04","3.289","false","938.379","80","true","","4.676","tetragonal",""
"mp-705293","Li3V2(PO4)3","Cc","-2.69","0.04","1.934","true","478","40","true","","2.832","monoclinic",""
"mp-585408","Li3Sn2(PO4)3","R3","-2.524","0.04","2.806","true","577.306","40","true","","3.125","trigonal",""
"mp-780333","Li3Bi2(PO4)3","P21/c","-2.521","0.041","4.103","true","1130.282","80","true","","4.253","monoclinic",""
"mp-27093","Li3Sn2(PO4)3","P21/c","-2.524","0.041","2.609","true","1052.097","80","true","","3.429","monoclinic",""
"mp-1207869","Y3Al3V2O12","Ia3d","-3.41","0.041","0.000","false","937.944","80","true","","4.543","cubic",""
"mp-849315","Li3P3(WO6)2","P21/c","-2.484","0.041","3.763","false","1016.302","80","true","","4.401","monoclinic",""
"mp-26605","Li3Cr2(PO4)3","C2","-2.633","0.042","2.881","false","911.145","80","true","","2.987","monoclinic",""
"mp-768553","Li3Cu2(SO4)3","P21/c","-1.958","0.042","0.000","false","961.718","80","true","","3.012","monoclinic",""
"mp-1214140","Ca3Mg2(AsO4)3","Ia3d","-2.609","0.042","0.000","false","1000.879","80","true","","3.886","cubic",""
"mp-1212395","Mn2Cd3(GeO4)3","Ia3d","-1.874","0.043","0.000","false","983.922","80","true","","5.785","cubic",""
"mp-759065","Li3V2(PO4)3","P21212","-2.686","0.043","2.142","false","945.139","80","true","","2.865","orthorhombic",""
"mp-1012670","Na3Ti2(GeO4)3","Ia3d","-2.468","0.043","0.000","false","958.541","80","true","","3.982","cubic",""
"mp-684539","Li3Sb2(PO4)3","P21/c","-2.48","0.044","3.473","true","1114.164","80","true","","3.274","monoclinic",""
"mp-684042","Li3Bi2(PO4)3","C2/c","-2.517","0.044","4.007","true","555.706","40","true","","4.325","monoclinic",""
"mp-25837","Li3Cr2(PO4)3","P2/c","-2.63","0.045","2.946","false","895.158","80","true","","3.04","monoclinic",""
"mp-778458","Li3Cu2(SO4)3","R3","-1.955","0.045","0.000","true","491.248","40","true","","2.948","trigonal",""
"mp-1207682","Yb3Sc2Al3O12","Ia3d","-3.358","0.045","0.000","false","970.765","80","true","","6.035","cubic",""
"mp-26869","Li3Cr2(PO4)3","C2/c","-2.629","0.046","2.606","true","418.123","40","true","","3.254","monoclinic",""
"mp-1154711","Ca3Si3(WO6)2","Ia3d","-2.992","0.046","2.481","false","971.064","80","true","","5.227","cubic",""
"mp-758956","Li3Mn2(PO4)3","P2/c","-2.532","0.046","0.779","false","921.249","80","true","","2.997","monoclinic",""
"mp-6670","Cr2Fe3(SiO4)3","Ia3d","-2.584","0.047","3.140","false","831.27","80","false","","4.377","cubic",""
"mvc-4268","Ca3Ge3(BiO6)2","Ia3d","-2.45","0.048","2.637","false","1132.6","80","true","","5.56","cubic",""
"mvc-4441","Ca3Ni2(GeO4)3","Ia3d","-2.241","0.048","0.000","false","951.69","80","true","","4.519","cubic",""
"mp-6186","Al2Co3(SiO4)3","Ia3d","-2.736","0.048","2.951","true","774.05","80","false","","4.351","cubic",""
"mp-1013842","Na3Mn2(GeO4)3","Ia3d","-1.961","0.048","0.000","true","923.359","80","true","","4.235","cubic",""
"mp-14051","Ca3Mn2(SiO4)3","Ia3d","-3.056","0.049","0.000","false","916.552","80","false","","3.67","cubic",""
"mp-1154587","Ca3Si3(NiO6)2","Ia3d","-2.753","0.05","0.014","false","901.41","80","true","","3.787","cubic",""
"mp-761135","Li3Sb2(PO4)3","R3","-2.473","0.05","3.340","true","559.786","40","true","","3.259","trigonal",""
"mp-1210518","Na3Mg2(MoO4)3","C2/c","-2.322","0.051","1.162","false","558.41","40","true","","3.553","monoclinic",""
"mp-774814","Li3Mn2V3O12","P21/c","-2.308","0.052","1.011","false","1026.867","80","true","","3.076","monoclinic",""
"mp-775486","Li3Sb2(PO4)3","P21/c","-2.472","0.052","3.520","true","1099.337","80","true","","3.319","monoclinic",""
"mp-26275","Li3Ni2(PO4)3","R3","-2.251","0.054","0.097","false","468.536","40","true","","2.999","trigonal",""
"mp-772885","Li3Cr3(NiO6)2","P21/c","-1.751","0.057","0.936","false","1004.032","80","true","","3.216","monoclinic",""
"mp-761046","Na3Ti2(PO4)3","R3","-2.831","0.057","0.000","true","519.348","40","true","","2.875","trigonal",""
"mp-850909","Li3Mn2(PO4)3","C2","-2.52","0.057","0.500","false","932.29","80","true","","2.961","monoclinic",""
"mp-762044","Li3Sb2(PO4)3","P21/c","-2.466","0.057","3.549","true","1049.753","80","true","","3.475","monoclinic",""
"mp-26453","Li3Mn2(PO4)3","C2/m","-2.543","0.058","0.000","false","419.222","40","true","","3.292","monoclinic",""
"mp-1214146","Ca3V3(CoO6)2","Ia3d","-2.571","0.058","0.000","false","995.564","80","true","","3.889","cubic",""
"mp-867596","Li3Mn2(PO4)3","C2/c","-2.52","0.058","1.395","false","1009.734","80","true","","2.734","monoclinic",""
"mp-1177524","Li3Ti2(PO4)3","P21/c","-2.885","0.058","0.081","false","951.254","80","true","","2.803","monoclinic",""
"mp-1211915","K3Cr2(AsO4)3","Ia3d","-1.998","0.059","2.338","false","1051.522","80","true","","4.03","cubic",""
"mp-776625","Li3Ti2(PO4)3","P1","-2.885","0.059","0.002","false","480.306","40","true","","2.776","triclinic",""
"mp-26883","Li3Ti2(PO4)3","R3","-2.885","0.059","0.000","false","477.259","40","true","","2.794","trigonal",""
"mp-772292","Li2V3(PO4)3","C2","-2.607","0.06","0.444","true","474.364","40","true","","3.162","monoclinic",""
"mp-753037","Li2Cr3(CoO4)3","P1","-1.798","0.06","0.230","true","215.123","20","true","","4.158","triclinic",""
"mp-1209641","Sb2Te3(SeF4)3","P212121","-1.959","0.06","1.380","false","1831.348","80","true","","3.958","orthorhombic",""
"mp-1210930","Mn2V3(AgO4)3","Ia3d","-1.766","0.062","0.000","false","1023.249","80","true","","5.052","cubic",""
"mp-759128","Li3Sb2(PO4)3","C2/c","-2.462","0.062","3.612","true","539.526","40","true","","3.381","monoclinic",""
"mp-772041","Li2Mn3(PO4)3","C2","-2.525","0.062","0.449","true","480.226","40","true","","3.206","monoclinic",""
"mp-781803","Li3Ti2(PO4)3","P1","-2.881","0.062","0.011","false","479.227","40","true","","2.782","triclinic",""
"mp-1210389","Na3Zn2(MoO4)3","C2/c","-2.044","0.063","1.474","false","576.154","40","true","","3.917","monoclinic",""
"mp-14046","Mn3V2(SiO4)3","Ia3d","-2.675","0.064","0.000","false","862.472","80","false","","4.181","cubic",""
"mp-774351","Li3Cr3(CuO6)2","P21/c","-1.712","0.064","0.000","false","1019.143","80","true","","3.232","monoclinic",""
"mvc-4828","Mg3Fe2(GeO4)3","Ia3d","-2.341","0.064","0.012","false","888.097","80","true","","4.446","cubic",""
"mp-504271","Li3Ni2(PO4)3","P21/c","-2.24","0.065","0.000","false","950.61","80","true","","2.956","monoclinic",""
"mp-775012","Li3Co2(PO4)3","R3","-2.331","0.065","0.025","true","444.082","40","true","","3.168","trigonal",""
"mp-759227","Li3Sb2(PO4)3","C2/c","-2.459","0.065","3.567","false","507.552","40","true","","3.594","monoclinic",""
"mp-1163927","Ca3Si3(BiO6)2","Ia3d","-2.942","0.065","3.303","false","1058.493","80","true","","5.111","cubic",""
"mp-643154","Li3V2(PO4)3","P21/c","-2.663","0.066","0.007","false","944.66","80","true","","2.866","monoclinic",""
"mp-757671","Li3Ti2(PO4)3","C2/c","-2.876","0.068","0.117","true","480.705","40","true","","2.774","monoclinic",""
"mp-1207912","Y3Mg2(GeO4)3","Ia3d","-2.988","0.069","0.000","false","979.692","80","true","","4.917","cubic",""
"mp-759381","Li3Bi2(PO4)3","C2/m","-2.492","0.069","3.165","true","505.079","40","true","","4.759","monoclinic",""
"mvc-4220","Ca3Cu2(GeO4)3","Ia3d","-2.232","0.07","0.358","false","964.055","80","true","","4.528","cubic",""
"mp-772738","Li3Fe2(PO4)3","C2","-2.52","0.071","2.227","false","929.543","80","true","","2.983","monoclinic",""
"mp-758812","Li3Sb2(PO4)3","P2/c","-2.453","0.071","3.090","true","1009.616","80","true","","3.614","monoclinic",""
"mp-25839","Li3Ti2(PO4)3","P21/c","-2.873","0.071","0.119","false","948.745","80","true","","2.811","monoclinic",""
"mp-752595","Li2Fe3(CoO4)3","P1","-1.569","0.071","0.000","true","219.958","20","true","","4.154","triclinic",""
"mp-25847","Li3Ni2(PO4)3","C2/c","-2.232","0.072","0.000","true","419.477","40","true","","3.35","monoclinic",""
"mp-1210549","Na3Mg2V3O12","Ia3d","-2.347","0.074","0.000","false","1016.012","80","true","","3.023","cubic",""
"mp-757276","Li3Ti2(PO4)3","C2/m","-2.869","0.075","0.000","true","422.5","40","true","","3.156","monoclinic",""
"mp-850956","Li2Mn3Cr3O12","P2/m","-2.075","0.075","0.075","true","223.822","20","true","","3.907","monoclinic",""
"mp-758310","Li3Ti2(PO4)3","C2","-2.868","0.075","0.000","true","943.582","80","true","","2.826","monoclinic",""
"mp-774523","Li3Sb2(PO4)3","C2","-2.447","0.077","2.926","true","503.821","40","true","","3.621","monoclinic",""
"mp-25935","Li3Ti2(PO4)3","P21/c","-2.867","0.077","0.063","false","920.261","80","true","","2.898","monoclinic",""
"mp-758224","Li3Sn2(PO4)3","P1","-2.485","0.079","2.928","true","1152.555","80","true","","3.13","triclinic",""
"mvc-4198","Ca3Ti2(GeO4)3","Ia3d","-2.894","0.08","0.000","false","985.26","80","true","","4.219","cubic",""
"mp-863434","Li3Mn2(PO4)3","Ia3d","-2.498","0.08","0.000","true","829.834","80","true","","3.327","cubic",""
"mvc-4503","Mg3Cr2(GeO4)3","Ia3d","-2.445","0.08","2.978","false","876.61","80","true","","4.446","cubic",""
"mp-6551","Mg3Fe2(SiO4)3","Ia3d","-2.83","0.081","2.743","true","819.548","80","false","","3.735","cubic",""
"mp-759290","Li3Bi2(PO4)3","C2/c","-2.48","0.081","3.563","true","549.802","40","true","","4.371","monoclinic",""
"mp-779336","Li3Cr2(PO4)3","C2","-2.593","0.082","2.781","false","902.703","80","true","","3.015","monoclinic",""
"mp-1222887","Li2Ti3(GaO4)3","C2/m","-2.74","0.082","0.000","false","453.997","40","true","","4.087","monoclinic",""
"mp-760212","Li3Ti2V3O12","P21/c","-2.72","0.083","0.972","false","1028.963","80","true","","2.978","monoclinic",""
"mp-1211091","Lu3Mg2(SiO4)3","Ia3d","-3.498","0.083","0.000","false","876.711","80","true","","6.438","cubic",""
"mp-1177733","Li3Cr2(PO4)3","C2/c","-2.59","0.084","2.266","false","1009.837","80","true","","2.695","monoclinic",""
"mvc-4270","Ca3Ge3(SbO6)2","Ia3d","-2.426","0.085","1.848","false","1103.35","80","true","","4.657","cubic",""
"mp-758376","Li3Sn2(PO4)3","P2/c","-2.479","0.085","1.999","true","1046.35","80","true","","3.448","monoclinic",""
"mp-26903","Li3V2(PO4)3","C2/c","-2.644","0.085","1.804","false","431.825","40","true","","3.135","monoclinic",""
"mp-759734","Li3Bi2(PO4)3","C2/c","-2.476","0.085","3.536","true","1090.352","80","true","","4.409","monoclinic",""
"mp-757966","Li3Sn2(PO4)3","C2/m","-2.478","0.086","0.000","true","478.017","40","true","","3.774","monoclinic",""
"mp-1210564","Na3Mg2(WO4)3","C2/c","-2.308","0.087","1.985","false","559.369","40","true","","5.112","monoclinic",""
"mp-662789","Te3As2(SF4)3","P21/c","-1.914","0.087","2.071","true","1599.959","80","false","","3.557","monoclinic",""
"mp-756749","Li3V2(PO4)3","Ia3d","-2.643","0.087","0.000","true","828.244","80","true","","3.269","cubic",""
"mvc-4248","Ca3Ag2(GeO4)3","Ia3d","-2.088","0.087","0.000","false","1042.194","80","true","","4.754","cubic",""
"mp-757678","Li3V2(PO4)3","C2","-2.637","0.087","2.130","false","1037.496","80","true","","2.61","monoclinic",""
"mp-759390","Li3Bi2(PO4)3","P2/c","-2.473","0.088","3.081","true","1059.964","80","true","","4.535","monoclinic",""
"mp-774919","Li3V3(CoO6)2","P21/c","-2.074","0.088","1.601","false","1001.724","80","true","","3.206","monoclinic",""
"mp-1163936","Ca3Cu2(SiO4)3","Ia3d","-2.734","0.089","0.385","false","898.32","80","true","","3.871","cubic",""
"mp-1013864","Na3Fe2(GeO4)3","Ia3d","-1.833","0.089","0.000","true","954.287","80","true","","4.111","cubic",""
"mp-21791","V2Fe3(SiO4)3","Ia3d","-2.564","0.09","0.000","true","843.409","80","false","","4.297","cubic",""
"mvc-3885","Mg3Si3(MoO6)2","Ia3d","-2.824","0.091","2.654","false","878.053","80","true","","4.093","cubic",""
"mp-774346","Li3V2(PO4)3","C2","-2.639","0.091","0.015","true","471.256","40","true","","2.873","monoclinic",""
"mp-584742","Li3Co2(PO4)3","P21/c","-2.305","0.091","1.101","true","887.764","80","true","","3.169","monoclinic",""
"mp-1012686","Na3V2(GeO4)3","Ia3d","-2.173","0.091","0.000","false","933.003","80","true","","4.135","cubic",""
"mp-753240","Li2Ti3V3O12","P1","-2.875","0.091","0.975","true","466.268","40","true","","3.578","triclinic",""
"mp-32107","Li3Mo2(PO4)3","C2/c","-2.515","0.091","3.165","false","506.888","40","true","","3.26","monoclinic",""
"mvc-4258","Ca3Sn2(GeO4)3","Ia3d","-2.463","0.092","0.000","false","1077.581","80","true","","4.731","cubic",""
"mp-1177523","Li3Ti2(PO4)3","P2/c","-2.851","0.092","0.008","false","937.413","80","true","","2.845","monoclinic",""
"mp-1163942","Al2V3(SiO4)3","Ia3d","-2.895","0.092","2.067","false","813.116","80","true","","3.946","cubic",""
"mp-759868","Li3Sb2(PO4)3","C2/m","-2.431","0.093","2.504","true","489.495","40","true","","3.727","monoclinic",""
"mp-761073","Na3Fe2(PO4)3","R3","-2.501","0.094","2.386","true","509.281","40","true","","3.036","trigonal",""
"mp-753998","Li2Mn3(FeO4)3","P1","-1.839","0.095","0.110","true","227.001","20","true","","3.937","triclinic",""
"mp-1221294","Na3Cr2(PO4)3","C2/c","-2.52","0.095","3.041","false","488.413","40","true","","3.113","monoclinic",""
"mp-758362","Li3Ti2(PO4)3","C2","-2.849","0.095","0.001","true","949.492","80","true","","2.808","monoclinic",""
"mp-758287","Li3Ti2(PO4)3","C2/c","-2.846","0.098","0.365","true","438.958","40","true","","3.037","monoclinic",""
"mp-758393","Li3Ti2(PO4)3","C2","-2.846","0.098","0.000","true","476.657","40","true","","2.797","monoclinic",""
"mp-757914","Li3Ti2(PO4)3","Ia3d","-2.845","0.099","0.010","true","847.42","80","true","","3.147","cubic",""
"mp-705397","Li3Ni2(PO4)3","C2","-2.205","0.099","0.000","false","926.856","80","true","","3.032","monoclinic",""
"mp-1157382","Be3Si3(BiO6)2","P21/c","-2.749","0.099","3.314","true","987.891","80","true","","4.849","monoclinic",""
"mvc-4434","Mg3Ge3(MoO6)2","Ia3d","-2.313","0.1","1.598","false","944.496","80","true","","4.745","cubic",""
"mp-1210410","Na3Zn2(WO4)3","C2/c","-2.026","0.1","1.848","false","579.432","40","true","","5.407","monoclinic",""
"mp-757298","Li3Cr2(PO4)3","C2","-2.573","0.102","2.096","false","1005.337","80","true","","2.707","monoclinic",""
"mp-1013749","Li3Ti2(GeO4)3","Ia3d","-2.474","0.103","0.000","true","903.489","80","true","","3.87","cubic",""
"mvc-5144","Zn3Fe2(GeO4)3","Ia3d","-1.883","0.103","0.048","false","896.869","80","true","","5.316","cubic",""
"mp-1258129","Mg3Mn2(SiO4)3","I41/acd","-2.839","0.104","1.332","false","823.399","80","false","","3.703","tetragonal",""
"mp-14048","Sr3Al2(SiO4)3","Ia3d","-3.356","0.104","4.433","true","924.947","80","false","","4.259","cubic",""
"mp-759187","Li3Ti2(PO4)3","C2/c","-2.838","0.105","0.000","false","469.164","40","true","","2.842","monoclinic",""
"mp-1265872","Be3Si3(MoO6)2","P21/c","-2.785","0.106","3.809","true","895.8","80","true","","3.672","monoclinic",""
"mp-1214317","Ca3Ga2(SnO4)3","Ia3d","-2.493","0.106","1.940","false","1079.049","80","true","","4.972","cubic",""
"mp-1157153","Ca3Si3(AgO6)2","Ia3d","-2.587","0.108","0.047","false","974.621","80","true","","4.172","cubic",""
"mvc-4436","Zn3Co2(GeO4)3","Ia3d","-1.733","0.109","2.193","false","845.649","80","true","","5.687","cubic",""
"mp-1177570","Li3V2(PO4)3","C2/c","-2.62","0.109","1.770","false","1033.082","80","true","","2.621","monoclinic",""
"mp-1013795","Li3Ge3(MoO6)2","Ia3d","-2.107","0.112","0.000","true","948.062","80","true","","4.362","cubic",""
"mp-1154524","Y2Mn3(SiO4)3","Ia3d","-3.028","0.115","3.061","false","964.714","80","true","","4.261","cubic",""
"mvc-4588","Zn3Cr2(GeO4)3","Ia3d","-2.003","0.117","1.933","false","886.203","80","true","","5.322","cubic",""
"mp-773159","Li3Co2(PO4)3","C2","-2.278","0.118","0.785","true","450.971","40","true","","3.12","monoclinic",""
"mp-1154758","Mg3Si3(NiO6)2","Ia3d","-2.528","0.12","0.082","false","790.446","80","true","","3.92","cubic",""
"mp-756924","Li3V2(PO4)3","C2","-2.61","0.12","1.512","false","937.221","80","true","","2.889","monoclinic",""
"mp-555961","Ca3Zn3(TeO6)2","I4132","-2.21","0.12","1.854","true","1094.796","80","false","","4.633","cubic",""
"mvc-4440","Zn3Ge3(MoO6)2","Ia3d","-1.875","0.121","0.530","false","956.176","80","true","","5.544","cubic",""
"mp-1249697","Mn2Fe3(SiO4)3","I41/acd","-2.441","0.121","1.057","false","840.739","80","false","","4.374","tetragonal",""
"mvc-3679","Ca3Si3(SbO6)2","Ia3d","-2.913","0.122","2.804","false","1033.627","80","true","","4.113","cubic",""
"mp-1210415","Na3Sc2(MoO4)3","C2/c","-2.516","0.122","1.446","false","576.237","40","true","","3.681","monoclinic",""
"mp-14043","Mg3V2(SiO4)3","Ia3d","-2.943","0.124","0.000","true","828.694","80","false","","3.615","cubic",""
"mp-1229137","Al2Fe3(BiO4)3","P1","-2.079","0.125","1.725","false","236.566","20","true","","7.303","triclinic",""
"mp-6396","Li3V2(PO4)3","P21/c","-2.604","0.126","1.865","false","936.677","80","false","","2.891","monoclinic",""
"mp-14044","Mg3Mn2(SiO4)3","Ia3d","-2.815","0.128","0.000","true","824.523","80","false","","3.698","cubic",""
"mp-555470","Mn2Fe3(SiO4)3","Ia3d","-2.433","0.129","0.000","true","842.208","80","false","","4.366","cubic",""
"mp-1013916","Li3V2(GeO4)3","Ia3d","-2.186","0.13","0.000","true","887.852","80","true","","3.985","cubic",""
"mp-1265020","Be3V2(SiO4)3","P21/c","-2.912","0.131","1.878","true","839.635","80","true","","3.205","monoclinic",""
"mp-1258162","Zn3Fe2(SiO4)3","Ia3d","-2.374","0.131","0.069","false","833.675","80","true","","4.654","cubic",""
"mp-1154656","Zn3Si3(MoO6)2","Ia3d","-2.375","0.132","1.270","false","889.174","80","true","","4.963","cubic",""
"mp-775921","Li3V2(PO4)3","Cc","-2.596","0.134","2.018","true","473.623","40","true","","2.858","monoclinic",""
"mp-1264971","Be3Si3(NiO6)2","P21/c","-2.489","0.134","0.000","false","835.563","80","true","","3.344","monoclinic",""
"mp-1265011","Mg3Cu2(SiO4)3","Ia3d","-2.51","0.135","0.376","false","804.224","80","true","","3.933","cubic",""
"mvc-4482","Mg3Ni2(GeO4)3","Ia3d","-2.014","0.135","0.181","false","855.918","80","true","","4.658","cubic",""
"mp-1262556","Mg3Ti2(SiO4)3","Ia3d","-3.127","0.136","0.000","false","837.824","80","true","","3.527","cubic",""
"mp-1154662","Y2Si3(SnO4)3","Ia3d","-2.877","0.137","2.263","false","1103.646","80","true","","4.876","cubic",""
"mp-1177557","Li3Ni2(PO4)3","P21/c","-2.166","0.139","0.334","false","949.332","80","true","","2.96","monoclinic",""
"mvc-4402","Mg3V2(GeO4)3","Ia3d","-2.42","0.141","0.000","false","892.92","80","true","","4.349","cubic",""
"mp-1157674","Al2Si3(NiO4)3","Ia3d","-2.514","0.144","1.693","false","778.337","80","true","","4.321","cubic",""
"mvc-3709","Ca3Si3(SnO6)2","Ia3d","-2.933","0.145","0.000","false","1010.063","80","true","","4.169","cubic",""
"mp-1013849","Li3Fe2(GeO4)3","Ia3d","-1.854","0.145","0.000","true","892.632","80","true","","4.036","cubic",""
"mp-26679","Li3Ni2(PO4)3","C2/m","-2.159","0.145","0.000","false","411.648","40","true","","3.414","monoclinic",""
"mp-1267034","Be3Si3(SnO6)2","P21/c","-2.745","0.148","2.318","false","963.754","80","true","","3.727","monoclinic",""
"mp-1210424","Na3Sc2(WO4)3","C2/c","-2.466","0.149","2.098","false","578.568","40","true","","5.18","monoclinic",""
"mp-1265273","Be3Si3(SbO6)2","P21/c","-2.7","0.15","2.932","true","983.199","80","true","","3.694","monoclinic",""
"mp-1013794","Na3Co2(GeO4)3","Ia3d","-1.671","0.151","0.000","true","891.699","80","true","","4.445","cubic",""
"mvc-3872","Mg3Co2(SiO4)3","Ia3d","-2.637","0.151","0.978","false","772.809","80","true","","4.014","cubic",""
"mvc-4292","Y2Fe3(SiO4)3","Ia3d","-2.908","0.152","3.325","false","941.056","80","true","","4.387","cubic",""
"mvc-4438","Mg3Co2(GeO4)3","Ia3d","-2.117","0.155","0.881","false","835.439","80","true","","4.776","cubic",""
"mvc-4242","Zn3Cu2(GeO4)3","Ia3d","-1.561","0.159","0.383","false","870.279","80","true","","5.596","cubic",""
"mp-1264019","Mn2Zn3(SiO4)3","I41/acd","-2.382","0.159","1.159","false","835.083","80","true","","4.632","tetragonal",""
"mvc-5366","Mn2Zn3(GeO4)3","Ia3d","-1.858","0.159","0.137","false","897.866","80","true","","5.297","cubic",""
"mvc-4251","Mg3Cu2(GeO4)3","Ia3d","-1.978","0.16","0.148","false","861.775","80","true","","4.701","cubic",""
"mvc-10373","Be3Si3(SnO6)2","P21/c","-2.732","0.162","1.482","true","950.883","80","true","","3.777","monoclinic",""
"mp-26601","Li3Mn2(PO4)3","R3","-2.413","0.165","0.025","false","476.424","40","true","","2.897","trigonal",""
"mp-1257835","Zn3Si3(NiO6)2","Ia3d","-2.076","0.165","0.000","false","807.784","80","true","","4.85","cubic",""
"mp-1212199","Li2Fe3(MoO4)3","Pnma","-1.944","0.166","0.000","false","1033.269","80","true","","4.251","orthorhombic",""
"mp-25993","Li3Fe2(PO4)3","P21/c","-2.392","0.167","0.007","false","924.214","80","false","","3","monoclinic",""
"mp-1261540","Be3Cr2(SiO4)3","P21/c","-2.845","0.168","1.826","true","828.886","80","true","","3.264","monoclinic",""
"mp-1251134","V2Zn3(SiO4)3","Ia3d","-2.49","0.169","0.000","false","843.482","80","true","","4.523","cubic",""
"mvc-4492","Zn3Ni2(GeO4)3","Ia3d","-1.573","0.17","0.080","false","863.846","80","true","","5.563","cubic",""
"mp-1154457","Al2Cu3(SiO4)3","Ia3d","-2.45","0.172","0.126","false","789.232","80","true","","4.383","cubic",""
"mp-1163929","Al2Si3(SnO4)3","Ia3d","-2.657","0.174","2.124","false","934.575","80","true","","4.878","cubic",""
"mvc-4445","Mg3Ge3(WO6)2","Ia3d","-2.192","0.176","1.042","false","951.995","80","true","","5.934","cubic",""
"mp-1214150","Ca2Bi3(PO4)3","P63/m","-2.482","0.177","0.000","false","575.185","40","true","","5.728","hexagonal",""
"mp-1265679","Ti2Be3(SiO4)3","P21/c","-3.061","0.178","0.232","false","844.185","80","true","","3.14","monoclinic",""
"mp-1252103","Be3Si3(WO6)2","P21/c","-2.668","0.182","3.561","true","901.585","80","true","","4.943","monoclinic",""
"mp-1157231","Mg3Si3(WO6)2","Ia3d","-2.701","0.182","2.111","false","884.989","80","true","","5.38","cubic",""
"mp-1013807","Li3Co2(GeO4)3","Ia3d","-1.701","0.183","0.000","true","834.486","80","true","","4.367","cubic",""
"mp-1262646","Be3Si3(AgO6)2","P21/c","-2.324","0.183","0.000","false","936.34","80","true","","3.682","monoclinic",""
"mvc-3915","Zn3Co2(SiO4)3","Ia3d","-2.18","0.186","0.931","false","783.848","80","true","","5.002","cubic",""
"mp-1157336","Y2Co3(SiO4)3","Ia3d","-2.758","0.187","2.719","false","924.047","80","true","","4.535","cubic",""
"mp-542008","Li3Fe2(AsO4)3","P21/c","-1.791","0.188","1.933","false","992.67","80","false","","3.675","monoclinic",""
"mp-757748","Li3Mn2(PO4)3","C2","-2.388","0.19","0.784","false","935.096","80","true","","2.952","monoclinic",""
"mp-778864","Li2Mn3(PO4)3","C2/c","-2.547","0.192","0.000","true","452.449","40","true","","3.403","monoclinic",""
"mp-31969","Li3Mn2(PO4)3","P21/c","-2.385","0.192","2.453","false","904.396","80","true","","3.052","monoclinic",""
"mvc-4501","Zn3Ge3(WO6)2","Ia3d","-1.756","0.193","0.047","false","959.559","80","true","","6.741","cubic",""
"mp-19430","Li3Fe2(PO4)3","R3","-2.366","0.193","2.467","true","468.015","40","false","","2.962","trigonal",""
"mp-765542","Li3Cr3(CoO6)2","P21/c","-1.714","0.194","0.000","false","1011.283","80","true","","3.196","monoclinic",""
"mp-1157332","Y2V3(SiO4)3","Ia3d","-2.972","0.194","2.327","false","966.741","80","true","","4.17","cubic",""
"mp-556984","Na3Fe2(PO4)3","C2/c","-2.511","0.195","1.605","true","491.797","40","false","","3.144","monoclinic",""
"mp-6373","Li3Fe2(PO4)3","P21/c","-2.365","0.195","1.873","false","935.971","80","false","","2.962","monoclinic",""
"mp-1157313","Y2Cr3(SiO4)3","Ia3d","-2.918","0.198","2.177","false","969.623","80","true","","4.179","cubic",""
"mp-759282","Li3Fe2(PO4)3","P21212","-2.558","0.199","0.177","false","932.762","80","true","","2.972","orthorhombic",""
"mp-1214442","Bi2P3(PbO4)3","P63/m","-2.054","0.199","0.000","false","623.055","40","true","","7.06","hexagonal",""
"mp-26437","Li3Ni2(PO4)3","P21/c","-2.104","0.201","0.000","false","901.151","80","true","","3.119","monoclinic",""
"mp-1267670","Be3Cu2(SiO4)3","P21/c","-2.418","0.202","0.000","false","834.403","80","true","","3.426","monoclinic",""
"mp-32024","Li3Mn2(PO4)3","Cc","-2.375","0.203","0.959","true","477.22","40","true","","2.892","monoclinic",""
"mvc-4236","Mg3Ag2(GeO4)3","Ia3d","-1.822","0.203","0.000","false","927.446","80","true","","5.003","cubic",""
"mp-1207890","Y2Mg3(SiO4)3","Ia3d","-3.267","0.205","3.785","false","931.615","80","true","","3.757","cubic",""
"mp-1012879","Li3Cr2(GeO4)3","Ia3d","-1.963","0.206","0.000","false","875.296","80","true","","4.058","cubic",""
"mp-1197103","Ga2P3(NO4)3","C2/c","-1.903","0.207","1.451","false","627.964","40","true","","2.467","monoclinic",""
"mvc-5151","Mg3Mn2(GeO4)3","Ia3d","-2.227","0.208","1.771","false","884.688","80","true","","4.45","cubic",""
"mvc-4201","Mg3Ti2(GeO4)3","Ia3d","-2.612","0.209","0.000","false","907.388","80","true","","4.235","cubic",""
"mp-775523","Li3Fe2(PO4)3","C2","-2.349","0.211","2.265","true","464.383","40","true","","2.985","monoclinic",""
"mp-1163950","Zn3Si3(WO6)2","Ia3d","-2.254","0.213","0.773","false","894.005","80","true","","6.242","cubic",""
"mp-758962","Li3Fe2(PO4)3","C2","-2.345","0.214","2.201","false","930.926","80","true","","2.978","monoclinic",""
"mp-1157205","Zn3Cu2(SiO4)3","Ia3d","-2.027","0.214","0.052","false","810.632","80","true","","4.913","cubic",""
"mvc-4030","Ti3Al2(SiO4)3","Ia3d","-3.009","0.215","0.366","false","794.63","80","true","","3.961","cubic",""
"mp-780607","Li3Mn2(PO4)3","C2","-2.362","0.216","0.582","true","468.854","40","true","","2.944","monoclinic",""
"mp-1154476","Mg3Si3(AgO6)2","Ia3d","-2.315","0.216","0.124","false","870.704","80","true","","4.309","cubic",""
"mp-1254352","Ti2Zn3(SiO4)3","Ia3d","-2.68","0.217","0.000","false","856.803","80","true","","4.405","cubic",""
"mp-1013796","Li3Ni2(GeO4)3","Ia3d","-1.543","0.218","0.000","true","832.27","80","true","","4.374","cubic",""
"mp-542274","Na3Fe2(MoO4)3","C2/c","-1.901","0.219","1.047","true","574.649","40","false","","3.817","monoclinic",""
"mp-765598","Li3Fe2(PO4)3","Ia3d","-2.34","0.219","2.427","true","815.878","80","true","","3.398","cubic",""
"mvc-4223","Ti2Zn3(GeO4)3","Ia3d","-2.182","0.223","0.000","false","919.312","80","true","","5.071","cubic",""
"mp-26069","Li3Fe2(PO4)3","P21/c","-2.555","0.227","0.029","false","900.344","80","true","","3.08","monoclinic",""
"mvc-4247","Zn3Ag2(GeO4)3","Ia3d","-1.378","0.227","0.000","false","939.773","80","true","","5.809","cubic",""
"mp-585226","Li3Fe2(PO4)3","C2/c","-2.331","0.229","1.517","true","456.917","40","true","","3.034","monoclinic",""
"mvc-4227","Zn3Sn2(GeO4)3","Ia3d","-1.762","0.231","0.000","false","993.78","80","true","","5.638","cubic",""
"mp-776637","Li3P3(WO6)2","P21/c","-2.294","0.232","0.000","false","1008.463","80","true","","4.435","monoclinic",""
"mp-1253507","Zn3Cr2(SiO4)3","Ia3d","-2.407","0.238","2.396","false","826.076","80","true","","4.635","cubic",""
"mvc-4240","Mg3Sn2(GeO4)3","Ia3d","-2.172","0.24","0.000","false","982.762","80","true","","4.868","cubic",""
"mp-734142","Al2Si3(HO4)3","P21","-2.416","0.24","0.000","false","1064.1","80","false","","2.08","monoclinic",""
"mp-1182497","Au3N3(Cl6O)2","C2/c","-0.345","0.241","0.016","false","1124.542","40","true","","3.22","monoclinic",""
"mp-761060","Na3Fe2(PO4)3","P21/c","-2.472","0.242","0.083","false","1005.819","80","true","","3.075","monoclinic",""
"mp-504139","Li3Ni2(PO4)3","C2","-2.062","0.242","0.000","false","914.512","80","true","","3.073","monoclinic",""
"mvc-4265","Mg3Ge3(BiO6)2","Ia3d","-2.118","0.243","2.502","false","1047.471","80","true","","5.712","cubic",""
"mp-6672","Ca3Fe2(SiO4)3","Ia3d","-2.821","0.249","2.613","true","906.38","80","false","","3.724","cubic",""
"mvc-3903","Mn2Zn3(SiO4)3","Ia3d","-2.29","0.251","2.037","false","836.339","80","true","","4.625","cubic",""
"mp-504385","Li3Fe2(PO4)3","P2/c","-2.525","0.26","0.043","false","916.51","80","true","","3.025","monoclinic",""
"mvc-3636","Mg3Si3(BiO6)2","Ia3d","-2.612","0.26","3.297","false","972.179","80","true","","5.241","cubic",""
"mvc-4249","Mg3Ge3(SbO6)2","Ia3d","-2.109","0.261","1.933","false","1011.39","80","true","","4.77","cubic",""
"mp-705329","Li3Fe2(PO4)3","Cc","-2.535","0.266","2.524","true","473.427","40","true","","2.928","monoclinic",""
"mp-773158","Li3Fe2(PO4)3","C2","-2.48","0.267","0.126","false","1017.606","80","true","","2.725","monoclinic",""
"mvc-4333","Y2Si3(NiO4)3","Ia3d","-2.571","0.267","2.880","false","927.208","80","true","","4.514","cubic",""
"mvc-3646","Zn3Si3(AgO6)2","Ia3d","-1.856","0.268","0.000","false","875.559","80","true","","5.221","cubic",""
"mp-771770","Li2Fe3(PO4)3","C2","-2.247","0.27","1.468","true","466.034","40","true","","3.323","monoclinic",""
"mp-14049","Ba3Al2(SiO4)3","Ia3d","-3.165","0.272","3.293","true","1017.496","80","false","","4.845","cubic",""
"mvc-4269","Zn3Ge3(BiO6)2","Ia3d","-1.687","0.274","1.504","false","1047.135","80","true","","6.496","cubic",""
"mvc-3630","Mg3Si3(SnO6)2","Ia3d","-2.643","0.275","0.197","false","915.357","80","true","","4.256","cubic",""
"mp-1163940","Mg3Si3(SbO6)2","Ia3d","-2.598","0.279","2.807","false","937.5","80","true","","4.199","cubic",""
"mvc-4256","Zn3Ge3(SbO6)2","Ia3d","-1.677","0.285","1.279","false","1015.878","80","true","","5.555","cubic",""
"mp-775234","Li3V3(FeO6)2","P21/c","-2.291","0.287","0.143","false","1021.299","80","true","","3.104","monoclinic",""
"mp-1157822","Zn3Si3(BiO6)2","Ia3d","-2.173","0.292","1.872","false","976.091","80","true","","6.059","cubic",""
"mvc-3700","Zn3Si3(SnO6)2","Ia3d","-2.203","0.307","0.000","false","943.905","80","true","","4.995","cubic",""
"mp-1013808","Na3Ni2(GeO4)3","Ia3d","-1.367","0.308","0.000","false","892.169","80","true","","4.439","cubic",""
"mp-1154534","Zn3Si3(SbO6)2","Ia3d","-2.157","0.311","1.621","false","950.706","80","true","","5.002","cubic",""
"mp-1261874","Y2Cu3(SiO4)3","Ia3d","-2.489","0.317","0.124","false","960.892","80","true","","4.456","cubic",""
"mp-1163922","Y2Ti3(SiO4)3","Ia3d","-3.081","0.327","0.000","false","938.87","80","true","","4.228","cubic",""
"mp-1264115","Be3Fe2(SiO4)3","P21/c","-2.549","0.338","1.485","true","837.209","80","true","","3.292","monoclinic",""
"mvc-4466","V2Zn3(GeO4)3","Ia3d","-1.8","0.341","0.000","false","904.125","80","true","","5.201","cubic",""
"mp-1250945","Mn2Be3(SiO4)3","P21/c","-2.762","0.347","0.193","false","836.993","80","true","","3.279","monoclinic",""
"mp-759875","Na3Fe2(PO4)3","P21/c","-2.473","0.369","0.210","false","1014.683","80","true","","3.048","monoclinic",""
"mp-780661","Li3Fe3(WO6)2","P21/c","-2.085","0.411","0.040","false","1060.401","80","true","","4.686","monoclinic",""
"mvc-4351","Al2Cr3(SiO4)3","Ia3d","-2.855","0.445","0.037","false","811.527","80","true","","3.979","cubic",""
"mp-1210501","Na2Mn3(PO4)3","C2/c","-2.554","0.47","0.031","false","470.701","40","true","","3.498","monoclinic",""
"mp-6172","Al2Fe3(SiO4)3","Ia3d","-2.852","0.518","3.642","true","793.848","80","false","","4.165","cubic",""
"mp-1157227","Y2Si3(WO4)3","Ia3d","-2.36","0.6","0.690","false","1054.699","80","true","","6.333","cubic",""
"mp-555835","Gd3Sc2(GaO4)3","Ia3d","-2.661","0.688","0.493","true","1037.761","80","false","","6.163","cubic",""
"mp-6700","Mg3Cr2(SiO4)3","Ia3d","-2.967","0.699","3.455","true","813.106","80","false","","3.702","cubic",""
"mvc-4363","Al2Si3(WO4)3","Ia3d","-2.075","0.71","0.116","false","816.658","80","true","","7.171","cubic",""
"mp-694966","Li3V2(PO4)3","P2","-1.694","1.036","0.000","false","1097.299","80","true","","2.467","monoclinic",""
"mp-1202926","Au3N3(Cl6O)2","C2/c","0.452","1.038","0.000","false","1220.656","40","false","","2.967","monoclinic",""